,config,data
0,"['weighted,empty,random']",27984.0
1,"['weighted,empty,random']",19440.0
2,"['weighted,empty,random']",61052.0
3,"['weighted,empty,random']",16080.0
4,"['weighted,empty,random']",13472.0
5,"['weighted,empty,random']",31796.0
6,"['weighted,empty,random']",13944.0
7,"['weighted,empty,random']",31164.0
8,"['weighted,empty,random']",60608.0
9,"['weighted,empty,random']",23860.0
10,"['weighted,empty,random']",23680.0
11,"['weighted,empty,random']",14888.0
12,"['weighted,empty,random']",32428.0
13,"['weighted,empty,random']",36216.0
14,"['weighted,empty,random']",16052.0
15,"['weighted,empty,random']",12188.0
16,"['weighted,empty,random']",60156.0
17,"['weighted,empty,random']",37456.0
18,"['weighted,empty,random']",16196.0
19,"['weighted,empty,random']",60060.0
20,"['weighted,empty,random']",13328.0
21,"['weighted,empty,random']",12944.0
22,"['weighted,empty,random']",35980.0
23,"['weighted,empty,random']",15164.0
24,"['weighted,empty,random']",27948.0
25,"['weighted,empty,random']",27640.0
26,"['weighted,empty,random']",16336.0
27,"['weighted,empty,random']",27240.0
28,"['weighted,empty,random']",9052.0
29,"['weighted,empty,random']",17768.0
30,"['weighted,empty,random']",7600.0
31,"['weighted,empty,random']",35704.0
32,"['weighted,empty,random']",33060.0
33,"['weighted,empty,random']",20152.0
34,"['weighted,empty,random']",27504.0
35,"['weighted,empty,random']",17004.0
36,"['weighted,empty,random']",25352.0
37,"['weighted,empty,random']",16196.0
38,"['weighted,empty,random']",16776.0
39,"['weighted,empty,random']",35496.0
40,"['weighted,empty,random']",27252.0
41,"['weighted,empty,random']",19756.0
42,"['weighted,empty,random']",18488.0
43,"['weighted,empty,random']",16900.0
44,"['weighted,empty,random']",7876.0
45,"['weighted,empty,random']",14700.0
46,"['weighted,empty,random']",7172.0
47,"['weighted,empty,random']",17252.0
48,"['weighted,empty,random']",51448.0
49,"['weighted,empty,random']",25304.0
50,"['weighted,empty,random']",35488.0
51,"['weighted,empty,random']",28268.0
52,"['weighted,empty,random']",55980.0
53,"['weighted,empty,random']",34660.0
54,"['weighted,empty,random']",20892.0
55,"['weighted,empty,random']",36576.0
56,"['weighted,empty,random']",13956.0
57,"['weighted,empty,random']",10404.0
58,"['weighted,empty,random']",27732.0
59,"['weighted,empty,random']",17004.0
60,"['weighted,empty,random']",8224.0
61,"['weighted,empty,random']",33148.0
62,"['weighted,empty,random']",22104.0
63,"['weighted,empty,random']",14736.0
64,"['weighted,empty,random']",11616.0
65,"['weighted,empty,random']",36488.0
66,"['weighted,empty,random']",5832.0
67,"['weighted,empty,random']",16548.0
68,"['weighted,empty,random']",29256.0
69,"['weighted,empty,random']",27556.0
70,"['weighted,empty,random']",45888.0
71,"['weighted,empty,random']",18060.0
72,"['weighted,empty,random']",50964.0
73,"['weighted,empty,random']",24704.0
74,"['weighted,empty,random']",28088.0
75,"['weighted,empty,random']",27544.0
76,"['weighted,empty,random']",71312.0
77,"['weighted,empty,random']",14608.0
78,"['weighted,empty,random']",7876.0
79,"['weighted,empty,random']",21880.0
80,"['weighted,empty,random']",14028.0
81,"['weighted,empty,random']",58128.0
82,"['weighted,empty,random']",3248.0
83,"['weighted,empty,random']",30560.0
84,"['weighted,empty,random']",3172.0
85,"['weighted,empty,random']",30492.0
86,"['weighted,empty,random']",59928.0
87,"['weighted,empty,random']",9236.0
88,"['weighted,empty,random']",16380.0
89,"['weighted,empty,random']",7376.0
90,"['weighted,empty,random']",36212.0
91,"['weighted,empty,random']",16024.0
92,"['weighted,empty,random']",14108.0
93,"['weighted,empty,random']",38648.0
94,"['weighted,empty,random']",6108.0
95,"['weighted,empty,random']",36016.0
96,"['weighted,empty,random']",27748.0
97,"['weighted,empty,random']",78996.0
98,"['weighted,empty,random']",26776.0
99,"['weighted,empty,random']",27564.0
100,"['weighted,empty,random']",7440.0
101,"['weighted,empty,random']",35432.0
102,"['weighted,empty,random']",27956.0
103,"['weighted,empty,random']",35784.0
104,"['weighted,empty,random']",27244.0
105,"['weighted,empty,random']",24920.0
106,"['weighted,empty,random']",7784.0
107,"['weighted,empty,random']",36600.0
108,"['weighted,empty,random']",35888.0
109,"['weighted,empty,random']",35824.0
110,"['weighted,empty,random']",32492.0
111,"['weighted,empty,random']",27532.0
112,"['weighted,empty,random']",59060.0
113,"['weighted,empty,random']",26980.0
114,"['weighted,empty,random']",15132.0
115,"['weighted,empty,random']",16756.0
116,"['weighted,empty,random']",16404.0
117,"['weighted,empty,random']",35824.0
118,"['weighted,empty,random']",16540.0
119,"['weighted,empty,random']",32916.0
120,"['weighted,empty,random']",9224.0
121,"['weighted,empty,random']",16120.0
122,"['weighted,empty,random']",36160.0
123,"['weighted,empty,random']",36264.0
124,"['weighted,empty,random']",17828.0
125,"['weighted,empty,random']",61308.0
126,"['weighted,empty,random']",27408.0
127,"['weighted,empty,random']",72272.0
128,"['weighted,empty,random']",59144.0
129,"['weighted,empty,random']",35944.0
130,"['weighted,empty,random']",13396.0
131,"['weighted,empty,random']",16808.0
132,"['weighted,empty,random']",13320.0
133,"['weighted,empty,random']",39240.0
134,"['weighted,empty,random']",18764.0
135,"['weighted,empty,random']",12500.0
136,"['weighted,empty,random']",26668.0
137,"['weighted,empty,random']",27240.0
138,"['weighted,empty,random']",32688.0
139,"['weighted,empty,random']",25068.0
140,"['weighted,empty,random']",27340.0
141,"['weighted,empty,random']",16772.0
142,"['weighted,empty,random']",20872.0
143,"['weighted,empty,random']",31996.0
144,"['weighted,empty,random']",8820.0
145,"['weighted,empty,random']",27940.0
146,"['weighted,empty,random']",23784.0
147,"['weighted,empty,random']",61148.0
148,"['weighted,empty,random']",30968.0
149,"['weighted,empty,random']",50604.0
150,"['weighted,empty,random']",15340.0
151,"['weighted,empty,random']",7896.0
152,"['weighted,empty,random']",16120.0
153,"['weighted,empty,random']",34084.0
154,"['weighted,empty,random']",29540.0
155,"['weighted,empty,random']",14292.0
156,"['weighted,empty,random']",14592.0
157,"['weighted,empty,random']",25928.0
158,"['weighted,empty,random']",16876.0
159,"['weighted,empty,random']",12104.0
160,"['weighted,empty,random']",32092.0
161,"['weighted,empty,random']",30540.0
162,"['weighted,empty,random']",37300.0
163,"['weighted,empty,random']",27996.0
164,"['weighted,empty,random']",21780.0
165,"['weighted,empty,random']",7088.0
166,"['weighted,empty,random']",16848.0
167,"['weighted,empty,random']",18132.0
168,"['weighted,empty,random']",17760.0
169,"['weighted,empty,random']",12064.0
170,"['weighted,empty,random']",27212.0
171,"['weighted,empty,random']",8732.0
172,"['weighted,empty,random']",17948.0
173,"['weighted,empty,random']",17360.0
174,"['weighted,empty,random']",16308.0
175,"['weighted,empty,random']",16312.0
176,"['weighted,empty,random']",16228.0
177,"['weighted,empty,random']",34412.0
178,"['weighted,empty,random']",27100.0
179,"['weighted,empty,random']",12188.0
180,"['weighted,empty,random']",12800.0
181,"['weighted,empty,random']",15660.0
182,"['weighted,empty,random']",35508.0
183,"['weighted,empty,random']",36964.0
184,"['weighted,empty,random']",17904.0
185,"['weighted,empty,random']",16508.0
186,"['weighted,empty,random']",24532.0
187,"['weighted,empty,random']",18044.0
188,"['weighted,empty,random']",21088.0
189,"['weighted,empty,random']",34000.0
190,"['weighted,empty,random']",32500.0
191,"['weighted,empty,random']",36596.0
192,"['weighted,empty,random']",31704.0
193,"['weighted,empty,random']",17856.0
194,"['weighted,empty,random']",14360.0
195,"['weighted,empty,random']",8956.0
196,"['weighted,empty,random']",51008.0
197,"['weighted,empty,random']",34276.0
198,"['weighted,empty,random']",39344.0
199,"['weighted,empty,random']",16412.0
200,"['weighted,empty,random']",17488.0
201,"['weighted,empty,random']",16256.0
202,"['weighted,empty,random']",17908.0
203,"['weighted,empty,random']",16568.0
204,"['weighted,empty,random']",16512.0
205,"['weighted,empty,random']",30196.0
206,"['weighted,empty,random']",10392.0
207,"['weighted,empty,random']",12900.0
208,"['weighted,empty,random']",15460.0
209,"['weighted,empty,random']",24568.0
210,"['weighted,empty,random']",13108.0
211,"['weighted,empty,random']",23128.0
212,"['weighted,empty,random']",16412.0
213,"['weighted,empty,random']",36612.0
214,"['weighted,empty,random']",13368.0
215,"['weighted,empty,random']",7596.0
216,"['weighted,empty,random']",14484.0
217,"['weighted,empty,random']",12592.0
218,"['weighted,empty,random']",27484.0
219,"['weighted,empty,random']",28088.0
220,"['weighted,empty,random']",29936.0
221,"['weighted,empty,random']",32412.0
222,"['weighted,empty,random']",7500.0
223,"['weighted,empty,random']",36496.0
224,"['weighted,empty,random']",6184.0
225,"['weighted,empty,random']",20740.0
226,"['weighted,empty,random']",19472.0
227,"['weighted,empty,random']",70756.0
228,"['weighted,empty,random']",8084.0
229,"['weighted,empty,random']",18688.0
230,"['weighted,empty,random']",9000.0
231,"['weighted,empty,random']",6144.0
232,"['weighted,empty,random']",51936.0
233,"['weighted,empty,random']",7860.0
234,"['weighted,empty,random']",52292.0
235,"['weighted,empty,random']",8680.0
236,"['weighted,empty,random']",18116.0
237,"['weighted,empty,random']",36372.0
238,"['weighted,empty,random']",10496.0
239,"['weighted,empty,random']",8300.0
240,"['weighted,empty,random']",14396.0
241,"['weighted,empty,random']",26540.0
242,"['weighted,empty,random']",29672.0
243,"['weighted,empty,random']",13848.0
244,"['weighted,empty,random']",25840.0
245,"['weighted,empty,random']",18392.0
246,"['weighted,empty,random']",10500.0
247,"['weighted,empty,random']",12584.0
248,"['weighted,empty,random']",32172.0
249,"['weighted,empty,random']",12988.0
250,"['weighted,empty,random']",20040.0
251,"['weighted,empty,random']",28916.0
252,"['weighted,empty,random']",26084.0
253,"['weighted,empty,random']",32412.0
254,"['weighted,empty,random']",15544.0
255,"['weighted,empty,random']",13072.0
256,"['weighted,empty,random']",23412.0
257,"['weighted,empty,random']",24992.0
258,"['weighted,empty,random']",24100.0
259,"['weighted,empty,random']",15312.0
260,"['weighted,empty,random']",14120.0
261,"['weighted,empty,random']",29444.0
262,"['weighted,empty,random']",17972.0
263,"['weighted,empty,random']",28960.0
264,"['weighted,empty,random']",20180.0
265,"['weighted,empty,random']",32460.0
266,"['weighted,empty,random']",23232.0
267,"['weighted,empty,random']",32660.0
268,"['weighted,empty,random']",11828.0
269,"['weighted,empty,random']",17928.0
270,"['weighted,empty,random']",27196.0
271,"['weighted,empty,random']",12168.0
272,"['weighted,empty,random']",13972.0
273,"['weighted,empty,random']",15408.0
274,"['weighted,empty,random']",14440.0
275,"['weighted,empty,random']",15908.0
276,"['weighted,empty,random']",35756.0
277,"['weighted,empty,random']",36220.0
278,"['weighted,empty,random']",60036.0
279,"['weighted,empty,random']",35508.0
280,"['weighted,empty,random']",32116.0
281,"['weighted,empty,random']",15348.0
282,"['weighted,empty,random']",17744.0
283,"['weighted,empty,random']",14312.0
284,"['weighted,empty,random']",7528.0
285,"['weighted,empty,random']",27104.0
286,"['weighted,empty,random']",35352.0
287,"['weighted,empty,random']",25492.0
288,"['weighted,empty,random']",26932.0
289,"['weighted,empty,random']",22168.0
290,"['weighted,empty,random']",12812.0
291,"['weighted,empty,random']",15756.0
292,"['weighted,empty,random']",31220.0
293,"['weighted,empty,random']",71528.0
294,"['weighted,empty,random']",27280.0
295,"['weighted,empty,random']",11296.0
296,"['weighted,empty,random']",5876.0
297,"['weighted,empty,random']",28796.0
298,"['weighted,empty,random']",23516.0
299,"['weighted,empty,random']",31256.0
0,"['weighted', 'monoton', 'uniform', 'greedy', 'empty', 'random']",12524.0
1,"['weighted', 'monoton', 'uniform', 'greedy', 'empty', 'random']",17080.0
2,"['weighted', 'monoton', 'uniform', 'greedy', 'empty', 'random']",20832.0
3,"['weighted', 'monoton', 'uniform', 'greedy', 'empty', 'random']",16368.0
4,"['weighted', 'monoton', 'uniform', 'greedy', 'empty', 'random']",24224.0
5,"['weighted', 'monoton', 'uniform', 'greedy', 'empty', 'random']",36484.0
6,"['weighted', 'monoton', 'uniform', 'greedy', 'empty', 'random']",16444.0
7,"['weighted', 'monoton', 'uniform', 'greedy', 'empty', 'random']",13116.0
8,"['weighted', 'monoton', 'uniform', 'greedy', 'empty', 'random']",55928.0
9,"['weighted', 'monoton', 'uniform', 'greedy', 'empty', 'random']",17140.0
10,"['weighted', 'monoton', 'uniform', 'greedy', 'empty', 'random']",8936.0
11,"['weighted', 'monoton', 'uniform', 'greedy', 'empty', 'random']",26824.0
12,"['weighted', 'monoton', 'uniform', 'greedy', 'empty', 'random']",28160.0
13,"['weighted', 'monoton', 'uniform', 'greedy', 'empty', 'random']",13624.0
14,"['weighted', 'monoton', 'uniform', 'greedy', 'empty', 'random']",33788.0
15,"['weighted', 'monoton', 'uniform', 'greedy', 'empty', 'random']",56588.0
16,"['weighted', 'monoton', 'uniform', 'greedy', 'empty', 'random']",33252.0
17,"['weighted', 'monoton', 'uniform', 'greedy', 'empty', 'random']",13804.0
18,"['weighted', 'monoton', 'uniform', 'greedy', 'empty', 'random']",16432.0
19,"['weighted', 'monoton', 'uniform', 'greedy', 'empty', 'random']",25808.0
20,"['weighted', 'monoton', 'uniform', 'greedy', 'empty', 'random']",15520.0
21,"['weighted', 'monoton', 'uniform', 'greedy', 'empty', 'random']",15468.0
22,"['weighted', 'monoton', 'uniform', 'greedy', 'empty', 'random']",32428.0
23,"['weighted', 'monoton', 'uniform', 'greedy', 'empty', 'random']",67376.0
24,"['weighted', 'monoton', 'uniform', 'greedy', 'empty', 'random']",39260.0
25,"['weighted', 'monoton', 'uniform', 'greedy', 'empty', 'random']",36004.0
26,"['weighted', 'monoton', 'uniform', 'greedy', 'empty', 'random']",29260.0
27,"['weighted', 'monoton', 'uniform', 'greedy', 'empty', 'random']",35696.0
28,"['weighted', 'monoton', 'uniform', 'greedy', 'empty', 'random']",34776.0
29,"['weighted', 'monoton', 'uniform', 'greedy', 'empty', 'random']",6856.0
30,"['weighted', 'monoton', 'uniform', 'greedy', 'empty', 'random']",27472.0
31,"['weighted', 'monoton', 'uniform', 'greedy', 'empty', 'random']",27440.0
32,"['weighted', 'monoton', 'uniform', 'greedy', 'empty', 'random']",25480.0
33,"['weighted', 'monoton', 'uniform', 'greedy', 'empty', 'random']",32224.0
34,"['weighted', 'monoton', 'uniform', 'greedy', 'empty', 'random']",16420.0
35,"['weighted', 'monoton', 'uniform', 'greedy', 'empty', 'random']",20508.0
36,"['weighted', 'monoton', 'uniform', 'greedy', 'empty', 'random']",7800.0
37,"['weighted', 'monoton', 'uniform', 'greedy', 'empty', 'random']",61120.0
38,"['weighted', 'monoton', 'uniform', 'greedy', 'empty', 'random']",34556.0
39,"['weighted', 'monoton', 'uniform', 'greedy', 'empty', 'random']",30824.0
40,"['weighted', 'monoton', 'uniform', 'greedy', 'empty', 'random']",3820.0
41,"['weighted', 'monoton', 'uniform', 'greedy', 'empty', 'random']",36236.0
42,"['weighted', 'monoton', 'uniform', 'greedy', 'empty', 'random']",54836.0
43,"['weighted', 'monoton', 'uniform', 'greedy', 'empty', 'random']",28144.0
44,"['weighted', 'monoton', 'uniform', 'greedy', 'empty', 'random']",18268.0
45,"['weighted', 'monoton', 'uniform', 'greedy', 'empty', 'random']",27552.0
46,"['weighted', 'monoton', 'uniform', 'greedy', 'empty', 'random']",32656.0
47,"['weighted', 'monoton', 'uniform', 'greedy', 'empty', 'random']",36436.0
48,"['weighted', 'monoton', 'uniform', 'greedy', 'empty', 'random']",29504.0
49,"['weighted', 'monoton', 'uniform', 'greedy', 'empty', 'random']",18096.0
50,"['weighted', 'monoton', 'uniform', 'greedy', 'empty', 'random']",37028.0
51,"['weighted', 'monoton', 'uniform', 'greedy', 'empty', 'random']",17160.0
52,"['weighted', 'monoton', 'uniform', 'greedy', 'empty', 'random']",26888.0
53,"['weighted', 'monoton', 'uniform', 'greedy', 'empty', 'random']",13928.0
54,"['weighted', 'monoton', 'uniform', 'greedy', 'empty', 'random']",16080.0
55,"['weighted', 'monoton', 'uniform', 'greedy', 'empty', 'random']",51404.0
56,"['weighted', 'monoton', 'uniform', 'greedy', 'empty', 'random']",13708.0
57,"['weighted', 'monoton', 'uniform', 'greedy', 'empty', 'random']",25020.0
58,"['weighted', 'monoton', 'uniform', 'greedy', 'empty', 'random']",22208.0
59,"['weighted', 'monoton', 'uniform', 'greedy', 'empty', 'random']",31632.0
60,"['weighted', 'monoton', 'uniform', 'greedy', 'empty', 'random']",7088.0
61,"['weighted', 'monoton', 'uniform', 'greedy', 'empty', 'random']",16344.0
62,"['weighted', 'monoton', 'uniform', 'greedy', 'empty', 'random']",17964.0
63,"['weighted', 'monoton', 'uniform', 'greedy', 'empty', 'random']",71620.0
64,"['weighted', 'monoton', 'uniform', 'greedy', 'empty', 'random']",20548.0
65,"['weighted', 'monoton', 'uniform', 'greedy', 'empty', 'random']",25420.0
66,"['weighted', 'monoton', 'uniform', 'greedy', 'empty', 'random']",38100.0
67,"['weighted', 'monoton', 'uniform', 'greedy', 'empty', 'random']",16216.0
68,"['weighted', 'monoton', 'uniform', 'greedy', 'empty', 'random']",15192.0
69,"['weighted', 'monoton', 'uniform', 'greedy', 'empty', 'random']",16996.0
70,"['weighted', 'monoton', 'uniform', 'greedy', 'empty', 'random']",32356.0
71,"['weighted', 'monoton', 'uniform', 'greedy', 'empty', 'random']",20580.0
72,"['weighted', 'monoton', 'uniform', 'greedy', 'empty', 'random']",15772.0
73,"['weighted', 'monoton', 'uniform', 'greedy', 'empty', 'random']",36444.0
74,"['weighted', 'monoton', 'uniform', 'greedy', 'empty', 'random']",20188.0
75,"['weighted', 'monoton', 'uniform', 'greedy', 'empty', 'random']",18524.0
76,"['weighted', 'monoton', 'uniform', 'greedy', 'empty', 'random']",52152.0
77,"['weighted', 'monoton', 'uniform', 'greedy', 'empty', 'random']",18100.0
78,"['weighted', 'monoton', 'uniform', 'greedy', 'empty', 'random']",14868.0
79,"['weighted', 'monoton', 'uniform', 'greedy', 'empty', 'random']",43312.0
80,"['weighted', 'monoton', 'uniform', 'greedy', 'empty', 'random']",38696.0
81,"['weighted', 'monoton', 'uniform', 'greedy', 'empty', 'random']",32260.0
82,"['weighted', 'monoton', 'uniform', 'greedy', 'empty', 'random']",18540.0
83,"['weighted', 'monoton', 'uniform', 'greedy', 'empty', 'random']",17372.0
84,"['weighted', 'monoton', 'uniform', 'greedy', 'empty', 'random']",34520.0
85,"['weighted', 'monoton', 'uniform', 'greedy', 'empty', 'random']",15968.0
86,"['weighted', 'monoton', 'uniform', 'greedy', 'empty', 'random']",16744.0
87,"['weighted', 'monoton', 'uniform', 'greedy', 'empty', 'random']",34056.0
88,"['weighted', 'monoton', 'uniform', 'greedy', 'empty', 'random']",32180.0
89,"['weighted', 'monoton', 'uniform', 'greedy', 'empty', 'random']",22748.0
90,"['weighted', 'monoton', 'uniform', 'greedy', 'empty', 'random']",8120.0
91,"['weighted', 'monoton', 'uniform', 'greedy', 'empty', 'random']",17580.0
92,"['weighted', 'monoton', 'uniform', 'greedy', 'empty', 'random']",35192.0
93,"['weighted', 'monoton', 'uniform', 'greedy', 'empty', 'random']",23260.0
94,"['weighted', 'monoton', 'uniform', 'greedy', 'empty', 'random']",30312.0
95,"['weighted', 'monoton', 'uniform', 'greedy', 'empty', 'random']",47392.0
96,"['weighted', 'monoton', 'uniform', 'greedy', 'empty', 'random']",9764.0
97,"['weighted', 'monoton', 'uniform', 'greedy', 'empty', 'random']",14796.0
98,"['weighted', 'monoton', 'uniform', 'greedy', 'empty', 'random']",16100.0
99,"['weighted', 'monoton', 'uniform', 'greedy', 'empty', 'random']",23184.0
100,"['weighted', 'monoton', 'uniform', 'greedy', 'empty', 'random']",45908.0
101,"['weighted', 'monoton', 'uniform', 'greedy', 'empty', 'random']",12340.0
102,"['weighted', 'monoton', 'uniform', 'greedy', 'empty', 'random']",12284.0
103,"['weighted', 'monoton', 'uniform', 'greedy', 'empty', 'random']",17124.0
104,"['weighted', 'monoton', 'uniform', 'greedy', 'empty', 'random']",16164.0
105,"['weighted', 'monoton', 'uniform', 'greedy', 'empty', 'random']",36028.0
106,"['weighted', 'monoton', 'uniform', 'greedy', 'empty', 'random']",60308.0
107,"['weighted', 'monoton', 'uniform', 'greedy', 'empty', 'random']",15556.0
108,"['weighted', 'monoton', 'uniform', 'greedy', 'empty', 'random']",18132.0
109,"['weighted', 'monoton', 'uniform', 'greedy', 'empty', 'random']",32124.0
110,"['weighted', 'monoton', 'uniform', 'greedy', 'empty', 'random']",16464.0
111,"['weighted', 'monoton', 'uniform', 'greedy', 'empty', 'random']",16588.0
112,"['weighted', 'monoton', 'uniform', 'greedy', 'empty', 'random']",15532.0
113,"['weighted', 'monoton', 'uniform', 'greedy', 'empty', 'random']",14988.0
114,"['weighted', 'monoton', 'uniform', 'greedy', 'empty', 'random']",8028.0
115,"['weighted', 'monoton', 'uniform', 'greedy', 'empty', 'random']",16804.0
116,"['weighted', 'monoton', 'uniform', 'greedy', 'empty', 'random']",36920.0
117,"['weighted', 'monoton', 'uniform', 'greedy', 'empty', 'random']",12152.0
118,"['weighted', 'monoton', 'uniform', 'greedy', 'empty', 'random']",6240.0
119,"['weighted', 'monoton', 'uniform', 'greedy', 'empty', 'random']",7316.0
120,"['weighted', 'monoton', 'uniform', 'greedy', 'empty', 'random']",17256.0
121,"['weighted', 'monoton', 'uniform', 'greedy', 'empty', 'random']",16108.0
122,"['weighted', 'monoton', 'uniform', 'greedy', 'empty', 'random']",60348.0
123,"['weighted', 'monoton', 'uniform', 'greedy', 'empty', 'random']",16308.0
124,"['weighted', 'monoton', 'uniform', 'greedy', 'empty', 'random']",4152.0
125,"['weighted', 'monoton', 'uniform', 'greedy', 'empty', 'random']",34860.0
126,"['weighted', 'monoton', 'uniform', 'greedy', 'empty', 'random']",16960.0
127,"['weighted', 'monoton', 'uniform', 'greedy', 'empty', 'random']",13404.0
128,"['weighted', 'monoton', 'uniform', 'greedy', 'empty', 'random']",35772.0
129,"['weighted', 'monoton', 'uniform', 'greedy', 'empty', 'random']",27504.0
130,"['weighted', 'monoton', 'uniform', 'greedy', 'empty', 'random']",8712.0
131,"['weighted', 'monoton', 'uniform', 'greedy', 'empty', 'random']",58644.0
132,"['weighted', 'monoton', 'uniform', 'greedy', 'empty', 'random']",16052.0
133,"['weighted', 'monoton', 'uniform', 'greedy', 'empty', 'random']",56444.0
134,"['weighted', 'monoton', 'uniform', 'greedy', 'empty', 'random']",32560.0
135,"['weighted', 'monoton', 'uniform', 'greedy', 'empty', 'random']",29340.0
136,"['weighted', 'monoton', 'uniform', 'greedy', 'empty', 'random']",34800.0
137,"['weighted', 'monoton', 'uniform', 'greedy', 'empty', 'random']",29000.0
138,"['weighted', 'monoton', 'uniform', 'greedy', 'empty', 'random']",32576.0
139,"['weighted', 'monoton', 'uniform', 'greedy', 'empty', 'random']",51992.0
140,"['weighted', 'monoton', 'uniform', 'greedy', 'empty', 'random']",17008.0
141,"['weighted', 'monoton', 'uniform', 'greedy', 'empty', 'random']",12124.0
142,"['weighted', 'monoton', 'uniform', 'greedy', 'empty', 'random']",34020.0
143,"['weighted', 'monoton', 'uniform', 'greedy', 'empty', 'random']",34252.0
144,"['weighted', 'monoton', 'uniform', 'greedy', 'empty', 'random']",34864.0
145,"['weighted', 'monoton', 'uniform', 'greedy', 'empty', 'random']",16028.0
146,"['weighted', 'monoton', 'uniform', 'greedy', 'empty', 'random']",28456.0
147,"['weighted', 'monoton', 'uniform', 'greedy', 'empty', 'random']",18188.0
148,"['weighted', 'monoton', 'uniform', 'greedy', 'empty', 'random']",7164.0
149,"['weighted', 'monoton', 'uniform', 'greedy', 'empty', 'random']",32304.0
150,"['weighted', 'monoton', 'uniform', 'greedy', 'empty', 'random']",16284.0
151,"['weighted', 'monoton', 'uniform', 'greedy', 'empty', 'random']",19436.0
152,"['weighted', 'monoton', 'uniform', 'greedy', 'empty', 'random']",34764.0
153,"['weighted', 'monoton', 'uniform', 'greedy', 'empty', 'random']",15996.0
154,"['weighted', 'monoton', 'uniform', 'greedy', 'empty', 'random']",36308.0
155,"['weighted', 'monoton', 'uniform', 'greedy', 'empty', 'random']",16080.0
156,"['weighted', 'monoton', 'uniform', 'greedy', 'empty', 'random']",10004.0
157,"['weighted', 'monoton', 'uniform', 'greedy', 'empty', 'random']",35740.0
158,"['weighted', 'monoton', 'uniform', 'greedy', 'empty', 'random']",27152.0
159,"['weighted', 'monoton', 'uniform', 'greedy', 'empty', 'random']",16792.0
160,"['weighted', 'monoton', 'uniform', 'greedy', 'empty', 'random']",19544.0
161,"['weighted', 'monoton', 'uniform', 'greedy', 'empty', 'random']",15660.0
162,"['weighted', 'monoton', 'uniform', 'greedy', 'empty', 'random']",24836.0
163,"['weighted', 'monoton', 'uniform', 'greedy', 'empty', 'random']",31900.0
164,"['weighted', 'monoton', 'uniform', 'greedy', 'empty', 'random']",14316.0
165,"['weighted', 'monoton', 'uniform', 'greedy', 'empty', 'random']",27008.0
166,"['weighted', 'monoton', 'uniform', 'greedy', 'empty', 'random']",7840.0
167,"['weighted', 'monoton', 'uniform', 'greedy', 'empty', 'random']",13536.0
168,"['weighted', 'monoton', 'uniform', 'greedy', 'empty', 'random']",35608.0
169,"['weighted', 'monoton', 'uniform', 'greedy', 'empty', 'random']",7920.0
170,"['weighted', 'monoton', 'uniform', 'greedy', 'empty', 'random']",14584.0
171,"['weighted', 'monoton', 'uniform', 'greedy', 'empty', 'random']",32668.0
172,"['weighted', 'monoton', 'uniform', 'greedy', 'empty', 'random']",33128.0
173,"['weighted', 'monoton', 'uniform', 'greedy', 'empty', 'random']",27432.0
174,"['weighted', 'monoton', 'uniform', 'greedy', 'empty', 'random']",28320.0
175,"['weighted', 'monoton', 'uniform', 'greedy', 'empty', 'random']",24704.0
176,"['weighted', 'monoton', 'uniform', 'greedy', 'empty', 'random']",20948.0
177,"['weighted', 'monoton', 'uniform', 'greedy', 'empty', 'random']",16372.0
178,"['weighted', 'monoton', 'uniform', 'greedy', 'empty', 'random']",29568.0
179,"['weighted', 'monoton', 'uniform', 'greedy', 'empty', 'random']",36788.0
180,"['weighted', 'monoton', 'uniform', 'greedy', 'empty', 'random']",38256.0
181,"['weighted', 'monoton', 'uniform', 'greedy', 'empty', 'random']",13372.0
182,"['weighted', 'monoton', 'uniform', 'greedy', 'empty', 'random']",36260.0
183,"['weighted', 'monoton', 'uniform', 'greedy', 'empty', 'random']",17548.0
184,"['weighted', 'monoton', 'uniform', 'greedy', 'empty', 'random']",27416.0
185,"['weighted', 'monoton', 'uniform', 'greedy', 'empty', 'random']",10420.0
186,"['weighted', 'monoton', 'uniform', 'greedy', 'empty', 'random']",25600.0
187,"['weighted', 'monoton', 'uniform', 'greedy', 'empty', 'random']",16300.0
188,"['weighted', 'monoton', 'uniform', 'greedy', 'empty', 'random']",16392.0
189,"['weighted', 'monoton', 'uniform', 'greedy', 'empty', 'random']",16068.0
190,"['weighted', 'monoton', 'uniform', 'greedy', 'empty', 'random']",54896.0
191,"['weighted', 'monoton', 'uniform', 'greedy', 'empty', 'random']",32444.0
192,"['weighted', 'monoton', 'uniform', 'greedy', 'empty', 'random']",27240.0
193,"['weighted', 'monoton', 'uniform', 'greedy', 'empty', 'random']",36124.0
194,"['weighted', 'monoton', 'uniform', 'greedy', 'empty', 'random']",12832.0
195,"['weighted', 'monoton', 'uniform', 'greedy', 'empty', 'random']",14184.0
196,"['weighted', 'monoton', 'uniform', 'greedy', 'empty', 'random']",33912.0
197,"['weighted', 'monoton', 'uniform', 'greedy', 'empty', 'random']",7920.0
198,"['weighted', 'monoton', 'uniform', 'greedy', 'empty', 'random']",28596.0
199,"['weighted', 'monoton', 'uniform', 'greedy', 'empty', 'random']",32432.0
200,"['weighted', 'monoton', 'uniform', 'greedy', 'empty', 'random']",32276.0
201,"['weighted', 'monoton', 'uniform', 'greedy', 'empty', 'random']",36156.0
202,"['weighted', 'monoton', 'uniform', 'greedy', 'empty', 'random']",14660.0
203,"['weighted', 'monoton', 'uniform', 'greedy', 'empty', 'random']",37948.0
204,"['weighted', 'monoton', 'uniform', 'greedy', 'empty', 'random']",27752.0
205,"['weighted', 'monoton', 'uniform', 'greedy', 'empty', 'random']",11224.0
206,"['weighted', 'monoton', 'uniform', 'greedy', 'empty', 'random']",12100.0
207,"['weighted', 'monoton', 'uniform', 'greedy', 'empty', 'random']",7096.0
208,"['weighted', 'monoton', 'uniform', 'greedy', 'empty', 'random']",31816.0
209,"['weighted', 'monoton', 'uniform', 'greedy', 'empty', 'random']",7596.0
210,"['weighted', 'monoton', 'uniform', 'greedy', 'empty', 'random']",16700.0
211,"['weighted', 'monoton', 'uniform', 'greedy', 'empty', 'random']",7088.0
212,"['weighted', 'monoton', 'uniform', 'greedy', 'empty', 'random']",28936.0
213,"['weighted', 'monoton', 'uniform', 'greedy', 'empty', 'random']",18184.0
214,"['weighted', 'monoton', 'uniform', 'greedy', 'empty', 'random']",16536.0
215,"['weighted', 'monoton', 'uniform', 'greedy', 'empty', 'random']",28432.0
216,"['weighted', 'monoton', 'uniform', 'greedy', 'empty', 'random']",17540.0
217,"['weighted', 'monoton', 'uniform', 'greedy', 'empty', 'random']",27928.0
218,"['weighted', 'monoton', 'uniform', 'greedy', 'empty', 'random']",25036.0
219,"['weighted', 'monoton', 'uniform', 'greedy', 'empty', 'random']",27564.0
220,"['weighted', 'monoton', 'uniform', 'greedy', 'empty', 'random']",23932.0
221,"['weighted', 'monoton', 'uniform', 'greedy', 'empty', 'random']",16468.0
222,"['weighted', 'monoton', 'uniform', 'greedy', 'empty', 'random']",12468.0
223,"['weighted', 'monoton', 'uniform', 'greedy', 'empty', 'random']",20364.0
224,"['weighted', 'monoton', 'uniform', 'greedy', 'empty', 'random']",17048.0
225,"['weighted', 'monoton', 'uniform', 'greedy', 'empty', 'random']",29480.0
226,"['weighted', 'monoton', 'uniform', 'greedy', 'empty', 'random']",9816.0
227,"['weighted', 'monoton', 'uniform', 'greedy', 'empty', 'random']",25124.0
228,"['weighted', 'monoton', 'uniform', 'greedy', 'empty', 'random']",16372.0
229,"['weighted', 'monoton', 'uniform', 'greedy', 'empty', 'random']",15408.0
230,"['weighted', 'monoton', 'uniform', 'greedy', 'empty', 'random']",27468.0
231,"['weighted', 'monoton', 'uniform', 'greedy', 'empty', 'random']",25856.0
232,"['weighted', 'monoton', 'uniform', 'greedy', 'empty', 'random']",32428.0
233,"['weighted', 'monoton', 'uniform', 'greedy', 'empty', 'random']",32228.0
234,"['weighted', 'monoton', 'uniform', 'greedy', 'empty', 'random']",24812.0
235,"['weighted', 'monoton', 'uniform', 'greedy', 'empty', 'random']",17524.0
236,"['weighted', 'monoton', 'uniform', 'greedy', 'empty', 'random']",27508.0
237,"['weighted', 'monoton', 'uniform', 'greedy', 'empty', 'random']",16520.0
238,"['weighted', 'monoton', 'uniform', 'greedy', 'empty', 'random']",29204.0
239,"['weighted', 'monoton', 'uniform', 'greedy', 'empty', 'random']",27160.0
240,"['weighted', 'monoton', 'uniform', 'greedy', 'empty', 'random']",32248.0
241,"['weighted', 'monoton', 'uniform', 'greedy', 'empty', 'random']",61716.0
242,"['weighted', 'monoton', 'uniform', 'greedy', 'empty', 'random']",16904.0
243,"['weighted', 'monoton', 'uniform', 'greedy', 'empty', 'random']",18080.0
244,"['weighted', 'monoton', 'uniform', 'greedy', 'empty', 'random']",16152.0
245,"['weighted', 'monoton', 'uniform', 'greedy', 'empty', 'random']",17620.0
246,"['weighted', 'monoton', 'uniform', 'greedy', 'empty', 'random']",32608.0
247,"['weighted', 'monoton', 'uniform', 'greedy', 'empty', 'random']",12560.0
248,"['weighted', 'monoton', 'uniform', 'greedy', 'empty', 'random']",26704.0
249,"['weighted', 'monoton', 'uniform', 'greedy', 'empty', 'random']",16296.0
250,"['weighted', 'monoton', 'uniform', 'greedy', 'empty', 'random']",18020.0
251,"['weighted', 'monoton', 'uniform', 'greedy', 'empty', 'random']",36356.0
252,"['weighted', 'monoton', 'uniform', 'greedy', 'empty', 'random']",20140.0
253,"['weighted', 'monoton', 'uniform', 'greedy', 'empty', 'random']",12296.0
254,"['weighted', 'monoton', 'uniform', 'greedy', 'empty', 'random']",32184.0
255,"['weighted', 'monoton', 'uniform', 'greedy', 'empty', 'random']",13892.0
256,"['weighted', 'monoton', 'uniform', 'greedy', 'empty', 'random']",13024.0
257,"['weighted', 'monoton', 'uniform', 'greedy', 'empty', 'random']",26788.0
258,"['weighted', 'monoton', 'uniform', 'greedy', 'empty', 'random']",16096.0
259,"['weighted', 'monoton', 'uniform', 'greedy', 'empty', 'random']",12588.0
260,"['weighted', 'monoton', 'uniform', 'greedy', 'empty', 'random']",27008.0
261,"['weighted', 'monoton', 'uniform', 'greedy', 'empty', 'random']",23268.0
262,"['weighted', 'monoton', 'uniform', 'greedy', 'empty', 'random']",32176.0
263,"['weighted', 'monoton', 'uniform', 'greedy', 'empty', 'random']",36636.0
264,"['weighted', 'monoton', 'uniform', 'greedy', 'empty', 'random']",30996.0
265,"['weighted', 'monoton', 'uniform', 'greedy', 'empty', 'random']",13112.0
266,"['weighted', 'monoton', 'uniform', 'greedy', 'empty', 'random']",27608.0
267,"['weighted', 'monoton', 'uniform', 'greedy', 'empty', 'random']",36244.0
268,"['weighted', 'monoton', 'uniform', 'greedy', 'empty', 'random']",6564.0
269,"['weighted', 'monoton', 'uniform', 'greedy', 'empty', 'random']",18640.0
270,"['weighted', 'monoton', 'uniform', 'greedy', 'empty', 'random']",13444.0
271,"['weighted', 'monoton', 'uniform', 'greedy', 'empty', 'random']",26740.0
272,"['weighted', 'monoton', 'uniform', 'greedy', 'empty', 'random']",17532.0
273,"['weighted', 'monoton', 'uniform', 'greedy', 'empty', 'random']",16464.0
274,"['weighted', 'monoton', 'uniform', 'greedy', 'empty', 'random']",17116.0
275,"['weighted', 'monoton', 'uniform', 'greedy', 'empty', 'random']",67864.0
276,"['weighted', 'monoton', 'uniform', 'greedy', 'empty', 'random']",61020.0
277,"['weighted', 'monoton', 'uniform', 'greedy', 'empty', 'random']",16548.0
278,"['weighted', 'monoton', 'uniform', 'greedy', 'empty', 'random']",18248.0
279,"['weighted', 'monoton', 'uniform', 'greedy', 'empty', 'random']",9196.0
280,"['weighted', 'monoton', 'uniform', 'greedy', 'empty', 'random']",35292.0
281,"['weighted', 'monoton', 'uniform', 'greedy', 'empty', 'random']",15704.0
282,"['weighted', 'monoton', 'uniform', 'greedy', 'empty', 'random']",16436.0
283,"['weighted', 'monoton', 'uniform', 'greedy', 'empty', 'random']",7384.0
284,"['weighted', 'monoton', 'uniform', 'greedy', 'empty', 'random']",25428.0
285,"['weighted', 'monoton', 'uniform', 'greedy', 'empty', 'random']",34868.0
286,"['weighted', 'monoton', 'uniform', 'greedy', 'empty', 'random']",37140.0
287,"['weighted', 'monoton', 'uniform', 'greedy', 'empty', 'random']",13648.0
288,"['weighted', 'monoton', 'uniform', 'greedy', 'empty', 'random']",16016.0
289,"['weighted', 'monoton', 'uniform', 'greedy', 'empty', 'random']",36196.0
290,"['weighted', 'monoton', 'uniform', 'greedy', 'empty', 'random']",13396.0
291,"['weighted', 'monoton', 'uniform', 'greedy', 'empty', 'random']",30804.0
292,"['weighted', 'monoton', 'uniform', 'greedy', 'empty', 'random']",27316.0
293,"['weighted', 'monoton', 'uniform', 'greedy', 'empty', 'random']",16556.0
294,"['weighted', 'monoton', 'uniform', 'greedy', 'empty', 'random']",12100.0
295,"['weighted', 'monoton', 'uniform', 'greedy', 'empty', 'random']",16536.0
296,"['weighted', 'monoton', 'uniform', 'greedy', 'empty', 'random']",16388.0
297,"['weighted', 'monoton', 'uniform', 'greedy', 'empty', 'random']",28192.0
298,"['weighted', 'monoton', 'uniform', 'greedy', 'empty', 'random']",16020.0
299,"['weighted', 'monoton', 'uniform', 'greedy', 'empty', 'random']",51484.0
0,"['weighted', 'monoton', 'uniform', 'empty', 'random']",14544.0
1,"['weighted', 'monoton', 'uniform', 'empty', 'random']",23928.0
2,"['weighted', 'monoton', 'uniform', 'empty', 'random']",27352.0
3,"['weighted', 'monoton', 'uniform', 'empty', 'random']",15444.0
4,"['weighted', 'monoton', 'uniform', 'empty', 'random']",23628.0
5,"['weighted', 'monoton', 'uniform', 'empty', 'random']",58564.0
6,"['weighted', 'monoton', 'uniform', 'empty', 'random']",20192.0
7,"['weighted', 'monoton', 'uniform', 'empty', 'random']",24680.0
8,"['weighted', 'monoton', 'uniform', 'empty', 'random']",23160.0
9,"['weighted', 'monoton', 'uniform', 'empty', 'random']",6460.0
10,"['weighted', 'monoton', 'uniform', 'empty', 'random']",8044.0
11,"['weighted', 'monoton', 'uniform', 'empty', 'random']",20316.0
12,"['weighted', 'monoton', 'uniform', 'empty', 'random']",18012.0
13,"['weighted', 'monoton', 'uniform', 'empty', 'random']",18172.0
14,"['weighted', 'monoton', 'uniform', 'empty', 'random']",7016.0
15,"['weighted', 'monoton', 'uniform', 'empty', 'random']",51800.0
16,"['weighted', 'monoton', 'uniform', 'empty', 'random']",16344.0
17,"['weighted', 'monoton', 'uniform', 'empty', 'random']",29644.0
18,"['weighted', 'monoton', 'uniform', 'empty', 'random']",16456.0
19,"['weighted', 'monoton', 'uniform', 'empty', 'random']",34392.0
20,"['weighted', 'monoton', 'uniform', 'empty', 'random']",19424.0
21,"['weighted', 'monoton', 'uniform', 'empty', 'random']",29052.0
22,"['weighted', 'monoton', 'uniform', 'empty', 'random']",57216.0
23,"['weighted', 'monoton', 'uniform', 'empty', 'random']",17528.0
24,"['weighted', 'monoton', 'uniform', 'empty', 'random']",17236.0
25,"['weighted', 'monoton', 'uniform', 'empty', 'random']",7808.0
26,"['weighted', 'monoton', 'uniform', 'empty', 'random']",25888.0
27,"['weighted', 'monoton', 'uniform', 'empty', 'random']",7384.0
28,"['weighted', 'monoton', 'uniform', 'empty', 'random']",20060.0
29,"['weighted', 'monoton', 'uniform', 'empty', 'random']",27244.0
30,"['weighted', 'monoton', 'uniform', 'empty', 'random']",13924.0
31,"['weighted', 'monoton', 'uniform', 'empty', 'random']",19232.0
32,"['weighted', 'monoton', 'uniform', 'empty', 'random']",32600.0
33,"['weighted', 'monoton', 'uniform', 'empty', 'random']",16444.0
34,"['weighted', 'monoton', 'uniform', 'empty', 'random']",59564.0
35,"['weighted', 'monoton', 'uniform', 'empty', 'random']",24492.0
36,"['weighted', 'monoton', 'uniform', 'empty', 'random']",36304.0
37,"['weighted', 'monoton', 'uniform', 'empty', 'random']",6100.0
38,"['weighted', 'monoton', 'uniform', 'empty', 'random']",16140.0
39,"['weighted', 'monoton', 'uniform', 'empty', 'random']",36488.0
40,"['weighted', 'monoton', 'uniform', 'empty', 'random']",36424.0
41,"['weighted', 'monoton', 'uniform', 'empty', 'random']",34792.0
42,"['weighted', 'monoton', 'uniform', 'empty', 'random']",24028.0
43,"['weighted', 'monoton', 'uniform', 'empty', 'random']",35236.0
44,"['weighted', 'monoton', 'uniform', 'empty', 'random']",17500.0
45,"['weighted', 'monoton', 'uniform', 'empty', 'random']",21136.0
46,"['weighted', 'monoton', 'uniform', 'empty', 'random']",16924.0
47,"['weighted', 'monoton', 'uniform', 'empty', 'random']",32560.0
48,"['weighted', 'monoton', 'uniform', 'empty', 'random']",18204.0
49,"['weighted', 'monoton', 'uniform', 'empty', 'random']",17840.0
50,"['weighted', 'monoton', 'uniform', 'empty', 'random']",16828.0
51,"['weighted', 'monoton', 'uniform', 'empty', 'random']",26844.0
52,"['weighted', 'monoton', 'uniform', 'empty', 'random']",9020.0
53,"['weighted', 'monoton', 'uniform', 'empty', 'random']",28060.0
54,"['weighted', 'monoton', 'uniform', 'empty', 'random']",16180.0
55,"['weighted', 'monoton', 'uniform', 'empty', 'random']",16516.0
56,"['weighted', 'monoton', 'uniform', 'empty', 'random']",16816.0
57,"['weighted', 'monoton', 'uniform', 'empty', 'random']",7956.0
58,"['weighted', 'monoton', 'uniform', 'empty', 'random']",5072.0
59,"['weighted', 'monoton', 'uniform', 'empty', 'random']",27548.0
60,"['weighted', 'monoton', 'uniform', 'empty', 'random']",32156.0
61,"['weighted', 'monoton', 'uniform', 'empty', 'random']",32684.0
62,"['weighted', 'monoton', 'uniform', 'empty', 'random']",76976.0
63,"['weighted', 'monoton', 'uniform', 'empty', 'random']",18712.0
64,"['weighted', 'monoton', 'uniform', 'empty', 'random']",16136.0
65,"['weighted', 'monoton', 'uniform', 'empty', 'random']",12088.0
66,"['weighted', 'monoton', 'uniform', 'empty', 'random']",9920.0
67,"['weighted', 'monoton', 'uniform', 'empty', 'random']",17876.0
68,"['weighted', 'monoton', 'uniform', 'empty', 'random']",70988.0
69,"['weighted', 'monoton', 'uniform', 'empty', 'random']",13920.0
70,"['weighted', 'monoton', 'uniform', 'empty', 'random']",27860.0
71,"['weighted', 'monoton', 'uniform', 'empty', 'random']",9140.0
72,"['weighted', 'monoton', 'uniform', 'empty', 'random']",17888.0
73,"['weighted', 'monoton', 'uniform', 'empty', 'random']",37072.0
74,"['weighted', 'monoton', 'uniform', 'empty', 'random']",27888.0
75,"['weighted', 'monoton', 'uniform', 'empty', 'random']",27432.0
76,"['weighted', 'monoton', 'uniform', 'empty', 'random']",37864.0
77,"['weighted', 'monoton', 'uniform', 'empty', 'random']",35580.0
78,"['weighted', 'monoton', 'uniform', 'empty', 'random']",15772.0
79,"['weighted', 'monoton', 'uniform', 'empty', 'random']",14424.0
80,"['weighted', 'monoton', 'uniform', 'empty', 'random']",36880.0
81,"['weighted', 'monoton', 'uniform', 'empty', 'random']",31000.0
82,"['weighted', 'monoton', 'uniform', 'empty', 'random']",12524.0
83,"['weighted', 'monoton', 'uniform', 'empty', 'random']",27916.0
84,"['weighted', 'monoton', 'uniform', 'empty', 'random']",7980.0
85,"['weighted', 'monoton', 'uniform', 'empty', 'random']",36212.0
86,"['weighted', 'monoton', 'uniform', 'empty', 'random']",12376.0
87,"['weighted', 'monoton', 'uniform', 'empty', 'random']",14936.0
88,"['weighted', 'monoton', 'uniform', 'empty', 'random']",27064.0
89,"['weighted', 'monoton', 'uniform', 'empty', 'random']",17388.0
90,"['weighted', 'monoton', 'uniform', 'empty', 'random']",34892.0
91,"['weighted', 'monoton', 'uniform', 'empty', 'random']",34620.0
92,"['weighted', 'monoton', 'uniform', 'empty', 'random']",60508.0
93,"['weighted', 'monoton', 'uniform', 'empty', 'random']",28076.0
94,"['weighted', 'monoton', 'uniform', 'empty', 'random']",9012.0
95,"['weighted', 'monoton', 'uniform', 'empty', 'random']",38600.0
96,"['weighted', 'monoton', 'uniform', 'empty', 'random']",9080.0
97,"['weighted', 'monoton', 'uniform', 'empty', 'random']",60548.0
98,"['weighted', 'monoton', 'uniform', 'empty', 'random']",36784.0
99,"['weighted', 'monoton', 'uniform', 'empty', 'random']",14192.0
100,"['weighted', 'monoton', 'uniform', 'empty', 'random']",51076.0
101,"['weighted', 'monoton', 'uniform', 'empty', 'random']",29116.0
102,"['weighted', 'monoton', 'uniform', 'empty', 'random']",36576.0
103,"['weighted', 'monoton', 'uniform', 'empty', 'random']",17992.0
104,"['weighted', 'monoton', 'uniform', 'empty', 'random']",36804.0
105,"['weighted', 'monoton', 'uniform', 'empty', 'random']",27844.0
106,"['weighted', 'monoton', 'uniform', 'empty', 'random']",32892.0
107,"['weighted', 'monoton', 'uniform', 'empty', 'random']",27404.0
108,"['weighted', 'monoton', 'uniform', 'empty', 'random']",31356.0
109,"['weighted', 'monoton', 'uniform', 'empty', 'random']",7616.0
110,"['weighted', 'monoton', 'uniform', 'empty', 'random']",36312.0
111,"['weighted', 'monoton', 'uniform', 'empty', 'random']",15792.0
112,"['weighted', 'monoton', 'uniform', 'empty', 'random']",15344.0
113,"['weighted', 'monoton', 'uniform', 'empty', 'random']",16312.0
114,"['weighted', 'monoton', 'uniform', 'empty', 'random']",15016.0
115,"['weighted', 'monoton', 'uniform', 'empty', 'random']",25512.0
116,"['weighted', 'monoton', 'uniform', 'empty', 'random']",25008.0
117,"['weighted', 'monoton', 'uniform', 'empty', 'random']",27204.0
118,"['weighted', 'monoton', 'uniform', 'empty', 'random']",14440.0
119,"['weighted', 'monoton', 'uniform', 'empty', 'random']",34628.0
120,"['weighted', 'monoton', 'uniform', 'empty', 'random']",12832.0
121,"['weighted', 'monoton', 'uniform', 'empty', 'random']",12420.0
122,"['weighted', 'monoton', 'uniform', 'empty', 'random']",17764.0
123,"['weighted', 'monoton', 'uniform', 'empty', 'random']",11612.0
124,"['weighted', 'monoton', 'uniform', 'empty', 'random']",36872.0
125,"['weighted', 'monoton', 'uniform', 'empty', 'random']",12228.0
126,"['weighted', 'monoton', 'uniform', 'empty', 'random']",66780.0
127,"['weighted', 'monoton', 'uniform', 'empty', 'random']",14192.0
128,"['weighted', 'monoton', 'uniform', 'empty', 'random']",18148.0
129,"['weighted', 'monoton', 'uniform', 'empty', 'random']",20400.0
130,"['weighted', 'monoton', 'uniform', 'empty', 'random']",17512.0
131,"['weighted', 'monoton', 'uniform', 'empty', 'random']",29056.0
132,"['weighted', 'monoton', 'uniform', 'empty', 'random']",16156.0
133,"['weighted', 'monoton', 'uniform', 'empty', 'random']",16504.0
134,"['weighted', 'monoton', 'uniform', 'empty', 'random']",16116.0
135,"['weighted', 'monoton', 'uniform', 'empty', 'random']",15664.0
136,"['weighted', 'monoton', 'uniform', 'empty', 'random']",34560.0
137,"['weighted', 'monoton', 'uniform', 'empty', 'random']",17388.0
138,"['weighted', 'monoton', 'uniform', 'empty', 'random']",22196.0
139,"['weighted', 'monoton', 'uniform', 'empty', 'random']",33800.0
140,"['weighted', 'monoton', 'uniform', 'empty', 'random']",13856.0
141,"['weighted', 'monoton', 'uniform', 'empty', 'random']",28872.0
142,"['weighted', 'monoton', 'uniform', 'empty', 'random']",28720.0
143,"['weighted', 'monoton', 'uniform', 'empty', 'random']",14276.0
144,"['weighted', 'monoton', 'uniform', 'empty', 'random']",14596.0
145,"['weighted', 'monoton', 'uniform', 'empty', 'random']",8860.0
146,"['weighted', 'monoton', 'uniform', 'empty', 'random']",16064.0
147,"['weighted', 'monoton', 'uniform', 'empty', 'random']",13808.0
148,"['weighted', 'monoton', 'uniform', 'empty', 'random']",11128.0
149,"['weighted', 'monoton', 'uniform', 'empty', 'random']",25808.0
150,"['weighted', 'monoton', 'uniform', 'empty', 'random']",16672.0
151,"['weighted', 'monoton', 'uniform', 'empty', 'random']",20364.0
152,"['weighted', 'monoton', 'uniform', 'empty', 'random']",34776.0
153,"['weighted', 'monoton', 'uniform', 'empty', 'random']",19384.0
154,"['weighted', 'monoton', 'uniform', 'empty', 'random']",14316.0
155,"['weighted', 'monoton', 'uniform', 'empty', 'random']",15876.0
156,"['weighted', 'monoton', 'uniform', 'empty', 'random']",17524.0
157,"['weighted', 'monoton', 'uniform', 'empty', 'random']",34668.0
158,"['weighted', 'monoton', 'uniform', 'empty', 'random']",28764.0
159,"['weighted', 'monoton', 'uniform', 'empty', 'random']",23508.0
160,"['weighted', 'monoton', 'uniform', 'empty', 'random']",27184.0
161,"['weighted', 'monoton', 'uniform', 'empty', 'random']",32204.0
162,"['weighted', 'monoton', 'uniform', 'empty', 'random']",26996.0
163,"['weighted', 'monoton', 'uniform', 'empty', 'random']",16276.0
164,"['weighted', 'monoton', 'uniform', 'empty', 'random']",48876.0
165,"['weighted', 'monoton', 'uniform', 'empty', 'random']",16836.0
166,"['weighted', 'monoton', 'uniform', 'empty', 'random']",18056.0
167,"['weighted', 'monoton', 'uniform', 'empty', 'random']",16520.0
168,"['weighted', 'monoton', 'uniform', 'empty', 'random']",52372.0
169,"['weighted', 'monoton', 'uniform', 'empty', 'random']",31064.0
170,"['weighted', 'monoton', 'uniform', 'empty', 'random']",25320.0
171,"['weighted', 'monoton', 'uniform', 'empty', 'random']",14544.0
172,"['weighted', 'monoton', 'uniform', 'empty', 'random']",37052.0
173,"['weighted', 'monoton', 'uniform', 'empty', 'random']",8724.0
174,"['weighted', 'monoton', 'uniform', 'empty', 'random']",22568.0
175,"['weighted', 'monoton', 'uniform', 'empty', 'random']",8184.0
176,"['weighted', 'monoton', 'uniform', 'empty', 'random']",35340.0
177,"['weighted', 'monoton', 'uniform', 'empty', 'random']",9428.0
178,"['weighted', 'monoton', 'uniform', 'empty', 'random']",35560.0
179,"['weighted', 'monoton', 'uniform', 'empty', 'random']",51864.0
180,"['weighted', 'monoton', 'uniform', 'empty', 'random']",60664.0
181,"['weighted', 'monoton', 'uniform', 'empty', 'random']",30760.0
182,"['weighted', 'monoton', 'uniform', 'empty', 'random']",30384.0
183,"['weighted', 'monoton', 'uniform', 'empty', 'random']",31920.0
184,"['weighted', 'monoton', 'uniform', 'empty', 'random']",16200.0
185,"['weighted', 'monoton', 'uniform', 'empty', 'random']",36020.0
186,"['weighted', 'monoton', 'uniform', 'empty', 'random']",27204.0
187,"['weighted', 'monoton', 'uniform', 'empty', 'random']",24996.0
188,"['weighted', 'monoton', 'uniform', 'empty', 'random']",14204.0
189,"['weighted', 'monoton', 'uniform', 'empty', 'random']",32344.0
190,"['weighted', 'monoton', 'uniform', 'empty', 'random']",5692.0
191,"['weighted', 'monoton', 'uniform', 'empty', 'random']",17540.0
192,"['weighted', 'monoton', 'uniform', 'empty', 'random']",32336.0
193,"['weighted', 'monoton', 'uniform', 'empty', 'random']",35768.0
194,"['weighted', 'monoton', 'uniform', 'empty', 'random']",35476.0
195,"['weighted', 'monoton', 'uniform', 'empty', 'random']",14752.0
196,"['weighted', 'monoton', 'uniform', 'empty', 'random']",51788.0
197,"['weighted', 'monoton', 'uniform', 'empty', 'random']",18716.0
198,"['weighted', 'monoton', 'uniform', 'empty', 'random']",59700.0
199,"['weighted', 'monoton', 'uniform', 'empty', 'random']",17152.0
200,"['weighted', 'monoton', 'uniform', 'empty', 'random']",47888.0
201,"['weighted', 'monoton', 'uniform', 'empty', 'random']",35896.0
202,"['weighted', 'monoton', 'uniform', 'empty', 'random']",15808.0
203,"['weighted', 'monoton', 'uniform', 'empty', 'random']",7368.0
204,"['weighted', 'monoton', 'uniform', 'empty', 'random']",28140.0
205,"['weighted', 'monoton', 'uniform', 'empty', 'random']",31568.0
206,"['weighted', 'monoton', 'uniform', 'empty', 'random']",35792.0
207,"['weighted', 'monoton', 'uniform', 'empty', 'random']",28564.0
208,"['weighted', 'monoton', 'uniform', 'empty', 'random']",28120.0
209,"['weighted', 'monoton', 'uniform', 'empty', 'random']",13928.0
210,"['weighted', 'monoton', 'uniform', 'empty', 'random']",16432.0
211,"['weighted', 'monoton', 'uniform', 'empty', 'random']",20032.0
212,"['weighted', 'monoton', 'uniform', 'empty', 'random']",14924.0
213,"['weighted', 'monoton', 'uniform', 'empty', 'random']",36308.0
214,"['weighted', 'monoton', 'uniform', 'empty', 'random']",36124.0
215,"['weighted', 'monoton', 'uniform', 'empty', 'random']",8952.0
216,"['weighted', 'monoton', 'uniform', 'empty', 'random']",29444.0
217,"['weighted', 'monoton', 'uniform', 'empty', 'random']",28588.0
218,"['weighted', 'monoton', 'uniform', 'empty', 'random']",49272.0
219,"['weighted', 'monoton', 'uniform', 'empty', 'random']",23228.0
220,"['weighted', 'monoton', 'uniform', 'empty', 'random']",14832.0
221,"['weighted', 'monoton', 'uniform', 'empty', 'random']",8884.0
222,"['weighted', 'monoton', 'uniform', 'empty', 'random']",23644.0
223,"['weighted', 'monoton', 'uniform', 'empty', 'random']",14660.0
224,"['weighted', 'monoton', 'uniform', 'empty', 'random']",34712.0
225,"['weighted', 'monoton', 'uniform', 'empty', 'random']",8948.0
226,"['weighted', 'monoton', 'uniform', 'empty', 'random']",19548.0
227,"['weighted', 'monoton', 'uniform', 'empty', 'random']",16360.0
228,"['weighted', 'monoton', 'uniform', 'empty', 'random']",18896.0
229,"['weighted', 'monoton', 'uniform', 'empty', 'random']",19856.0
230,"['weighted', 'monoton', 'uniform', 'empty', 'random']",35976.0
231,"['weighted', 'monoton', 'uniform', 'empty', 'random']",15708.0
232,"['weighted', 'monoton', 'uniform', 'empty', 'random']",6972.0
233,"['weighted', 'monoton', 'uniform', 'empty', 'random']",8516.0
234,"['weighted', 'monoton', 'uniform', 'empty', 'random']",27764.0
235,"['weighted', 'monoton', 'uniform', 'empty', 'random']",17864.0
236,"['weighted', 'monoton', 'uniform', 'empty', 'random']",8248.0
237,"['weighted', 'monoton', 'uniform', 'empty', 'random']",31808.0
238,"['weighted', 'monoton', 'uniform', 'empty', 'random']",29748.0
239,"['weighted', 'monoton', 'uniform', 'empty', 'random']",29264.0
240,"['weighted', 'monoton', 'uniform', 'empty', 'random']",15920.0
241,"['weighted', 'monoton', 'uniform', 'empty', 'random']",15480.0
242,"['weighted', 'monoton', 'uniform', 'empty', 'random']",31236.0
243,"['weighted', 'monoton', 'uniform', 'empty', 'random']",12548.0
244,"['weighted', 'monoton', 'uniform', 'empty', 'random']",35656.0
245,"['weighted', 'monoton', 'uniform', 'empty', 'random']",5700.0
246,"['weighted', 'monoton', 'uniform', 'empty', 'random']",12740.0
247,"['weighted', 'monoton', 'uniform', 'empty', 'random']",7228.0
248,"['weighted', 'monoton', 'uniform', 'empty', 'random']",16384.0
249,"['weighted', 'monoton', 'uniform', 'empty', 'random']",71128.0
250,"['weighted', 'monoton', 'uniform', 'empty', 'random']",7912.0
251,"['weighted', 'monoton', 'uniform', 'empty', 'random']",32036.0
252,"['weighted', 'monoton', 'uniform', 'empty', 'random']",19224.0
253,"['weighted', 'monoton', 'uniform', 'empty', 'random']",7956.0
254,"['weighted', 'monoton', 'uniform', 'empty', 'random']",35144.0
255,"['weighted', 'monoton', 'uniform', 'empty', 'random']",27272.0
256,"['weighted', 'monoton', 'uniform', 'empty', 'random']",12204.0
257,"['weighted', 'monoton', 'uniform', 'empty', 'random']",34888.0
258,"['weighted', 'monoton', 'uniform', 'empty', 'random']",27492.0
259,"['weighted', 'monoton', 'uniform', 'empty', 'random']",12220.0
260,"['weighted', 'monoton', 'uniform', 'empty', 'random']",24884.0
261,"['weighted', 'monoton', 'uniform', 'empty', 'random']",8240.0
262,"['weighted', 'monoton', 'uniform', 'empty', 'random']",12232.0
263,"['weighted', 'monoton', 'uniform', 'empty', 'random']",30852.0
264,"['weighted', 'monoton', 'uniform', 'empty', 'random']",28576.0
265,"['weighted', 'monoton', 'uniform', 'empty', 'random']",15776.0
266,"['weighted', 'monoton', 'uniform', 'empty', 'random']",10860.0
267,"['weighted', 'monoton', 'uniform', 'empty', 'random']",49476.0
268,"['weighted', 'monoton', 'uniform', 'empty', 'random']",17888.0
269,"['weighted', 'monoton', 'uniform', 'empty', 'random']",27248.0
270,"['weighted', 'monoton', 'uniform', 'empty', 'random']",26000.0
271,"['weighted', 'monoton', 'uniform', 'empty', 'random']",17092.0
272,"['weighted', 'monoton', 'uniform', 'empty', 'random']",17840.0
273,"['weighted', 'monoton', 'uniform', 'empty', 'random']",13864.0
274,"['weighted', 'monoton', 'uniform', 'empty', 'random']",50980.0
275,"['weighted', 'monoton', 'uniform', 'empty', 'random']",27568.0
276,"['weighted', 'monoton', 'uniform', 'empty', 'random']",72224.0
277,"['weighted', 'monoton', 'uniform', 'empty', 'random']",8232.0
278,"['weighted', 'monoton', 'uniform', 'empty', 'random']",36452.0
279,"['weighted', 'monoton', 'uniform', 'empty', 'random']",61264.0
280,"['weighted', 'monoton', 'uniform', 'empty', 'random']",36204.0
281,"['weighted', 'monoton', 'uniform', 'empty', 'random']",35868.0
282,"['weighted', 'monoton', 'uniform', 'empty', 'random']",26828.0
283,"['weighted', 'monoton', 'uniform', 'empty', 'random']",17852.0
284,"['weighted', 'monoton', 'uniform', 'empty', 'random']",17872.0
285,"['weighted', 'monoton', 'uniform', 'empty', 'random']",60476.0
286,"['weighted', 'monoton', 'uniform', 'empty', 'random']",34652.0
287,"['weighted', 'monoton', 'uniform', 'empty', 'random']",15928.0
288,"['weighted', 'monoton', 'uniform', 'empty', 'random']",12916.0
289,"['weighted', 'monoton', 'uniform', 'empty', 'random']",17556.0
290,"['weighted', 'monoton', 'uniform', 'empty', 'random']",9004.0
291,"['weighted', 'monoton', 'uniform', 'empty', 'random']",11884.0
292,"['weighted', 'monoton', 'uniform', 'empty', 'random']",35272.0
293,"['weighted', 'monoton', 'uniform', 'empty', 'random']",26972.0
294,"['weighted', 'monoton', 'uniform', 'empty', 'random']",14308.0
295,"['weighted', 'monoton', 'uniform', 'empty', 'random']",10448.0
296,"['weighted', 'monoton', 'uniform', 'empty', 'random']",36128.0
297,"['weighted', 'monoton', 'uniform', 'empty', 'random']",7428.0
298,"['weighted', 'monoton', 'uniform', 'empty', 'random']",10892.0
299,"['weighted', 'monoton', 'uniform', 'empty', 'random']",33064.0
0,"['weighted', 'monoton', 'empty', 'random']",30736.0
1,"['weighted', 'monoton', 'empty', 'random']",27176.0
2,"['weighted', 'monoton', 'empty', 'random']",60492.0
3,"['weighted', 'monoton', 'empty', 'random']",51108.0
4,"['weighted', 'monoton', 'empty', 'random']",27492.0
5,"['weighted', 'monoton', 'empty', 'random']",32528.0
6,"['weighted', 'monoton', 'empty', 'random']",10436.0
7,"['weighted', 'monoton', 'empty', 'random']",37880.0
8,"['weighted', 'monoton', 'empty', 'random']",48584.0
9,"['weighted', 'monoton', 'empty', 'random']",16376.0
10,"['weighted', 'monoton', 'empty', 'random']",26784.0
11,"['weighted', 'monoton', 'empty', 'random']",9564.0
12,"['weighted', 'monoton', 'empty', 'random']",3044.0
13,"['weighted', 'monoton', 'empty', 'random']",32796.0
14,"['weighted', 'monoton', 'empty', 'random']",17064.0
15,"['weighted', 'monoton', 'empty', 'random']",31608.0
16,"['weighted', 'monoton', 'empty', 'random']",34520.0
17,"['weighted', 'monoton', 'empty', 'random']",16116.0
18,"['weighted', 'monoton', 'empty', 'random']",75844.0
19,"['weighted', 'monoton', 'empty', 'random']",16476.0
20,"['weighted', 'monoton', 'empty', 'random']",16304.0
21,"['weighted', 'monoton', 'empty', 'random']",25720.0
22,"['weighted', 'monoton', 'empty', 'random']",16552.0
23,"['weighted', 'monoton', 'empty', 'random']",28672.0
24,"['weighted', 'monoton', 'empty', 'random']",36120.0
25,"['weighted', 'monoton', 'empty', 'random']",52400.0
26,"['weighted', 'monoton', 'empty', 'random']",27708.0
27,"['weighted', 'monoton', 'empty', 'random']",25120.0
28,"['weighted', 'monoton', 'empty', 'random']",36308.0
29,"['weighted', 'monoton', 'empty', 'random']",12124.0
30,"['weighted', 'monoton', 'empty', 'random']",16376.0
31,"['weighted', 'monoton', 'empty', 'random']",12520.0
32,"['weighted', 'monoton', 'empty', 'random']",31884.0
33,"['weighted', 'monoton', 'empty', 'random']",13504.0
34,"['weighted', 'monoton', 'empty', 'random']",25220.0
35,"['weighted', 'monoton', 'empty', 'random']",16416.0
36,"['weighted', 'monoton', 'empty', 'random']",14916.0
37,"['weighted', 'monoton', 'empty', 'random']",32268.0
38,"['weighted', 'monoton', 'empty', 'random']",36604.0
39,"['weighted', 'monoton', 'empty', 'random']",35520.0
40,"['weighted', 'monoton', 'empty', 'random']",10732.0
41,"['weighted', 'monoton', 'empty', 'random']",32212.0
42,"['weighted', 'monoton', 'empty', 'random']",18560.0
43,"['weighted', 'monoton', 'empty', 'random']",49964.0
44,"['weighted', 'monoton', 'empty', 'random']",36692.0
45,"['weighted', 'monoton', 'empty', 'random']",34844.0
46,"['weighted', 'monoton', 'empty', 'random']",15352.0
47,"['weighted', 'monoton', 'empty', 'random']",15912.0
48,"['weighted', 'monoton', 'empty', 'random']",24920.0
49,"['weighted', 'monoton', 'empty', 'random']",14724.0
50,"['weighted', 'monoton', 'empty', 'random']",22840.0
51,"['weighted', 'monoton', 'empty', 'random']",49704.0
52,"['weighted', 'monoton', 'empty', 'random']",8968.0
53,"['weighted', 'monoton', 'empty', 'random']",8060.0
54,"['weighted', 'monoton', 'empty', 'random']",27276.0
55,"['weighted', 'monoton', 'empty', 'random']",8360.0
56,"['weighted', 'monoton', 'empty', 'random']",28288.0
57,"['weighted', 'monoton', 'empty', 'random']",12524.0
58,"['weighted', 'monoton', 'empty', 'random']",52500.0
59,"['weighted', 'monoton', 'empty', 'random']",17896.0
60,"['weighted', 'monoton', 'empty', 'random']",17176.0
61,"['weighted', 'monoton', 'empty', 'random']",18060.0
62,"['weighted', 'monoton', 'empty', 'random']",27004.0
63,"['weighted', 'monoton', 'empty', 'random']",15984.0
64,"['weighted', 'monoton', 'empty', 'random']",60320.0
65,"['weighted', 'monoton', 'empty', 'random']",27472.0
66,"['weighted', 'monoton', 'empty', 'random']",27896.0
67,"['weighted', 'monoton', 'empty', 'random']",55620.0
68,"['weighted', 'monoton', 'empty', 'random']",17104.0
69,"['weighted', 'monoton', 'empty', 'random']",36356.0
70,"['weighted', 'monoton', 'empty', 'random']",15556.0
71,"['weighted', 'monoton', 'empty', 'random']",50188.0
72,"['weighted', 'monoton', 'empty', 'random']",15100.0
73,"['weighted', 'monoton', 'empty', 'random']",16964.0
74,"['weighted', 'monoton', 'empty', 'random']",16028.0
75,"['weighted', 'monoton', 'empty', 'random']",31332.0
76,"['weighted', 'monoton', 'empty', 'random']",36248.0
77,"['weighted', 'monoton', 'empty', 'random']",16448.0
78,"['weighted', 'monoton', 'empty', 'random']",36836.0
79,"['weighted', 'monoton', 'empty', 'random']",16112.0
80,"['weighted', 'monoton', 'empty', 'random']",35336.0
81,"['weighted', 'monoton', 'empty', 'random']",10472.0
82,"['weighted', 'monoton', 'empty', 'random']",7424.0
83,"['weighted', 'monoton', 'empty', 'random']",60352.0
84,"['weighted', 'monoton', 'empty', 'random']",16332.0
85,"['weighted', 'monoton', 'empty', 'random']",12324.0
86,"['weighted', 'monoton', 'empty', 'random']",18336.0
87,"['weighted', 'monoton', 'empty', 'random']",12696.0
88,"['weighted', 'monoton', 'empty', 'random']",26948.0
89,"['weighted', 'monoton', 'empty', 'random']",16448.0
90,"['weighted', 'monoton', 'empty', 'random']",19348.0
91,"['weighted', 'monoton', 'empty', 'random']",11416.0
92,"['weighted', 'monoton', 'empty', 'random']",34684.0
93,"['weighted', 'monoton', 'empty', 'random']",36920.0
94,"['weighted', 'monoton', 'empty', 'random']",34516.0
95,"['weighted', 'monoton', 'empty', 'random']",36488.0
96,"['weighted', 'monoton', 'empty', 'random']",8016.0
97,"['weighted', 'monoton', 'empty', 'random']",20400.0
98,"['weighted', 'monoton', 'empty', 'random']",26872.0
99,"['weighted', 'monoton', 'empty', 'random']",27344.0
100,"['weighted', 'monoton', 'empty', 'random']",60268.0
101,"['weighted', 'monoton', 'empty', 'random']",36264.0
102,"['weighted', 'monoton', 'empty', 'random']",20872.0
103,"['weighted', 'monoton', 'empty', 'random']",36452.0
104,"['weighted', 'monoton', 'empty', 'random']",35756.0
105,"['weighted', 'monoton', 'empty', 'random']",51768.0
106,"['weighted', 'monoton', 'empty', 'random']",31664.0
107,"['weighted', 'monoton', 'empty', 'random']",16276.0
108,"['weighted', 'monoton', 'empty', 'random']",16836.0
109,"['weighted', 'monoton', 'empty', 'random']",29856.0
110,"['weighted', 'monoton', 'empty', 'random']",27548.0
111,"['weighted', 'monoton', 'empty', 'random']",18496.0
112,"['weighted', 'monoton', 'empty', 'random']",27292.0
113,"['weighted', 'monoton', 'empty', 'random']",58692.0
114,"['weighted', 'monoton', 'empty', 'random']",26420.0
115,"['weighted', 'monoton', 'empty', 'random']",15532.0
116,"['weighted', 'monoton', 'empty', 'random']",9864.0
117,"['weighted', 'monoton', 'empty', 'random']",56648.0
118,"['weighted', 'monoton', 'empty', 'random']",12520.0
119,"['weighted', 'monoton', 'empty', 'random']",14396.0
120,"['weighted', 'monoton', 'empty', 'random']",16588.0
121,"['weighted', 'monoton', 'empty', 'random']",14300.0
122,"['weighted', 'monoton', 'empty', 'random']",16068.0
123,"['weighted', 'monoton', 'empty', 'random']",32672.0
124,"['weighted', 'monoton', 'empty', 'random']",17944.0
125,"['weighted', 'monoton', 'empty', 'random']",16120.0
126,"['weighted', 'monoton', 'empty', 'random']",37416.0
127,"['weighted', 'monoton', 'empty', 'random']",16232.0
128,"['weighted', 'monoton', 'empty', 'random']",15624.0
129,"['weighted', 'monoton', 'empty', 'random']",14436.0
130,"['weighted', 'monoton', 'empty', 'random']",19628.0
131,"['weighted', 'monoton', 'empty', 'random']",14496.0
132,"['weighted', 'monoton', 'empty', 'random']",24672.0
133,"['weighted', 'monoton', 'empty', 'random']",13648.0
134,"['weighted', 'monoton', 'empty', 'random']",26948.0
135,"['weighted', 'monoton', 'empty', 'random']",14244.0
136,"['weighted', 'monoton', 'empty', 'random']",18144.0
137,"['weighted', 'monoton', 'empty', 'random']",32496.0
138,"['weighted', 'monoton', 'empty', 'random']",13264.0
139,"['weighted', 'monoton', 'empty', 'random']",60476.0
140,"['weighted', 'monoton', 'empty', 'random']",36672.0
141,"['weighted', 'monoton', 'empty', 'random']",14056.0
142,"['weighted', 'monoton', 'empty', 'random']",32252.0
143,"['weighted', 'monoton', 'empty', 'random']",23328.0
144,"['weighted', 'monoton', 'empty', 'random']",17712.0
145,"['weighted', 'monoton', 'empty', 'random']",12824.0
146,"['weighted', 'monoton', 'empty', 'random']",17072.0
147,"['weighted', 'monoton', 'empty', 'random']",28744.0
148,"['weighted', 'monoton', 'empty', 'random']",16424.0
149,"['weighted', 'monoton', 'empty', 'random']",27416.0
150,"['weighted', 'monoton', 'empty', 'random']",16488.0
151,"['weighted', 'monoton', 'empty', 'random']",11796.0
152,"['weighted', 'monoton', 'empty', 'random']",8812.0
153,"['weighted', 'monoton', 'empty', 'random']",36888.0
154,"['weighted', 'monoton', 'empty', 'random']",17156.0
155,"['weighted', 'monoton', 'empty', 'random']",60760.0
156,"['weighted', 'monoton', 'empty', 'random']",16332.0
157,"['weighted', 'monoton', 'empty', 'random']",13724.0
158,"['weighted', 'monoton', 'empty', 'random']",36144.0
159,"['weighted', 'monoton', 'empty', 'random']",14704.0
160,"['weighted', 'monoton', 'empty', 'random']",14856.0
161,"['weighted', 'monoton', 'empty', 'random']",13240.0
162,"['weighted', 'monoton', 'empty', 'random']",28156.0
163,"['weighted', 'monoton', 'empty', 'random']",28512.0
164,"['weighted', 'monoton', 'empty', 'random']",15636.0
165,"['weighted', 'monoton', 'empty', 'random']",7152.0
166,"['weighted', 'monoton', 'empty', 'random']",23556.0
167,"['weighted', 'monoton', 'empty', 'random']",14816.0
168,"['weighted', 'monoton', 'empty', 'random']",27748.0
169,"['weighted', 'monoton', 'empty', 'random']",14496.0
170,"['weighted', 'monoton', 'empty', 'random']",36352.0
171,"['weighted', 'monoton', 'empty', 'random']",32200.0
172,"['weighted', 'monoton', 'empty', 'random']",25388.0
173,"['weighted', 'monoton', 'empty', 'random']",61404.0
174,"['weighted', 'monoton', 'empty', 'random']",26696.0
175,"['weighted', 'monoton', 'empty', 'random']",7836.0
176,"['weighted', 'monoton', 'empty', 'random']",17924.0
177,"['weighted', 'monoton', 'empty', 'random']",20212.0
178,"['weighted', 'monoton', 'empty', 'random']",32432.0
179,"['weighted', 'monoton', 'empty', 'random']",8920.0
180,"['weighted', 'monoton', 'empty', 'random']",12224.0
181,"['weighted', 'monoton', 'empty', 'random']",16240.0
182,"['weighted', 'monoton', 'empty', 'random']",6720.0
183,"['weighted', 'monoton', 'empty', 'random']",20088.0
184,"['weighted', 'monoton', 'empty', 'random']",27264.0
185,"['weighted', 'monoton', 'empty', 'random']",31252.0
186,"['weighted', 'monoton', 'empty', 'random']",8860.0
187,"['weighted', 'monoton', 'empty', 'random']",27564.0
188,"['weighted', 'monoton', 'empty', 'random']",16100.0
189,"['weighted', 'monoton', 'empty', 'random']",11108.0
190,"['weighted', 'monoton', 'empty', 'random']",27464.0
191,"['weighted', 'monoton', 'empty', 'random']",16548.0
192,"['weighted', 'monoton', 'empty', 'random']",14208.0
193,"['weighted', 'monoton', 'empty', 'random']",12552.0
194,"['weighted', 'monoton', 'empty', 'random']",37012.0
195,"['weighted', 'monoton', 'empty', 'random']",36520.0
196,"['weighted', 'monoton', 'empty', 'random']",16384.0
197,"['weighted', 'monoton', 'empty', 'random']",8036.0
198,"['weighted', 'monoton', 'empty', 'random']",35988.0
199,"['weighted', 'monoton', 'empty', 'random']",28300.0
200,"['weighted', 'monoton', 'empty', 'random']",18268.0
201,"['weighted', 'monoton', 'empty', 'random']",31624.0
202,"['weighted', 'monoton', 'empty', 'random']",16480.0
203,"['weighted', 'monoton', 'empty', 'random']",17760.0
204,"['weighted', 'monoton', 'empty', 'random']",16032.0
205,"['weighted', 'monoton', 'empty', 'random']",36244.0
206,"['weighted', 'monoton', 'empty', 'random']",27604.0
207,"['weighted', 'monoton', 'empty', 'random']",60412.0
208,"['weighted', 'monoton', 'empty', 'random']",20568.0
209,"['weighted', 'monoton', 'empty', 'random']",16488.0
210,"['weighted', 'monoton', 'empty', 'random']",25488.0
211,"['weighted', 'monoton', 'empty', 'random']",14060.0
212,"['weighted', 'monoton', 'empty', 'random']",6144.0
213,"['weighted', 'monoton', 'empty', 'random']",35372.0
214,"['weighted', 'monoton', 'empty', 'random']",36676.0
215,"['weighted', 'monoton', 'empty', 'random']",16472.0
216,"['weighted', 'monoton', 'empty', 'random']",16468.0
217,"['weighted', 'monoton', 'empty', 'random']",19124.0
218,"['weighted', 'monoton', 'empty', 'random']",15660.0
219,"['weighted', 'monoton', 'empty', 'random']",25540.0
220,"['weighted', 'monoton', 'empty', 'random']",17904.0
221,"['weighted', 'monoton', 'empty', 'random']",13124.0
222,"['weighted', 'monoton', 'empty', 'random']",9528.0
223,"['weighted', 'monoton', 'empty', 'random']",16044.0
224,"['weighted', 'monoton', 'empty', 'random']",25636.0
225,"['weighted', 'monoton', 'empty', 'random']",20864.0
226,"['weighted', 'monoton', 'empty', 'random']",5444.0
227,"['weighted', 'monoton', 'empty', 'random']",36344.0
228,"['weighted', 'monoton', 'empty', 'random']",6072.0
229,"['weighted', 'monoton', 'empty', 'random']",15268.0
230,"['weighted', 'monoton', 'empty', 'random']",32360.0
231,"['weighted', 'monoton', 'empty', 'random']",34860.0
232,"['weighted', 'monoton', 'empty', 'random']",25932.0
233,"['weighted', 'monoton', 'empty', 'random']",58992.0
234,"['weighted', 'monoton', 'empty', 'random']",9048.0
235,"['weighted', 'monoton', 'empty', 'random']",29836.0
236,"['weighted', 'monoton', 'empty', 'random']",31224.0
237,"['weighted', 'monoton', 'empty', 'random']",29180.0
238,"['weighted', 'monoton', 'empty', 'random']",18720.0
239,"['weighted', 'monoton', 'empty', 'random']",15632.0
240,"['weighted', 'monoton', 'empty', 'random']",10484.0
241,"['weighted', 'monoton', 'empty', 'random']",35640.0
242,"['weighted', 'monoton', 'empty', 'random']",26396.0
243,"['weighted', 'monoton', 'empty', 'random']",26812.0
244,"['weighted', 'monoton', 'empty', 'random']",28064.0
245,"['weighted', 'monoton', 'empty', 'random']",36344.0
246,"['weighted', 'monoton', 'empty', 'random']",32304.0
247,"['weighted', 'monoton', 'empty', 'random']",46712.0
248,"['weighted', 'monoton', 'empty', 'random']",30684.0
249,"['weighted', 'monoton', 'empty', 'random']",13828.0
250,"['weighted', 'monoton', 'empty', 'random']",17072.0
251,"['weighted', 'monoton', 'empty', 'random']",27580.0
252,"['weighted', 'monoton', 'empty', 'random']",32612.0
253,"['weighted', 'monoton', 'empty', 'random']",27872.0
254,"['weighted', 'monoton', 'empty', 'random']",56752.0
255,"['weighted', 'monoton', 'empty', 'random']",7772.0
256,"['weighted', 'monoton', 'empty', 'random']",17464.0
257,"['weighted', 'monoton', 'empty', 'random']",8516.0
258,"['weighted', 'monoton', 'empty', 'random']",26844.0
259,"['weighted', 'monoton', 'empty', 'random']",9188.0
260,"['weighted', 'monoton', 'empty', 'random']",17140.0
261,"['weighted', 'monoton', 'empty', 'random']",36216.0
262,"['weighted', 'monoton', 'empty', 'random']",38252.0
263,"['weighted', 'monoton', 'empty', 'random']",7912.0
264,"['weighted', 'monoton', 'empty', 'random']",47340.0
265,"['weighted', 'monoton', 'empty', 'random']",16128.0
266,"['weighted', 'monoton', 'empty', 'random']",13908.0
267,"['weighted', 'monoton', 'empty', 'random']",12916.0
268,"['weighted', 'monoton', 'empty', 'random']",16124.0
269,"['weighted', 'monoton', 'empty', 'random']",17388.0
270,"['weighted', 'monoton', 'empty', 'random']",8108.0
271,"['weighted', 'monoton', 'empty', 'random']",27536.0
272,"['weighted', 'monoton', 'empty', 'random']",7460.0
273,"['weighted', 'monoton', 'empty', 'random']",37176.0
274,"['weighted', 'monoton', 'empty', 'random']",34980.0
275,"['weighted', 'monoton', 'empty', 'random']",16184.0
276,"['weighted', 'monoton', 'empty', 'random']",15628.0
277,"['weighted', 'monoton', 'empty', 'random']",32908.0
278,"['weighted', 'monoton', 'empty', 'random']",23604.0
279,"['weighted', 'monoton', 'empty', 'random']",23156.0
280,"['weighted', 'monoton', 'empty', 'random']",36020.0
281,"['weighted', 'monoton', 'empty', 'random']",31952.0
282,"['weighted', 'monoton', 'empty', 'random']",34552.0
283,"['weighted', 'monoton', 'empty', 'random']",15044.0
284,"['weighted', 'monoton', 'empty', 'random']",25252.0
285,"['weighted', 'monoton', 'empty', 'random']",32248.0
286,"['weighted', 'monoton', 'empty', 'random']",31860.0
287,"['weighted', 'monoton', 'empty', 'random']",27592.0
288,"['weighted', 'monoton', 'empty', 'random']",17948.0
289,"['weighted', 'monoton', 'empty', 'random']",16872.0
290,"['weighted', 'monoton', 'empty', 'random']",36244.0
291,"['weighted', 'monoton', 'empty', 'random']",27552.0
292,"['weighted', 'monoton', 'empty', 'random']",15504.0
293,"['weighted', 'monoton', 'empty', 'random']",20148.0
294,"['weighted', 'monoton', 'empty', 'random']",16464.0
295,"['weighted', 'monoton', 'empty', 'random']",7648.0
296,"['weighted', 'monoton', 'empty', 'random']",5752.0
297,"['weighted', 'monoton', 'empty', 'random']",24480.0
298,"['weighted', 'monoton', 'empty', 'random']",10900.0
299,"['weighted', 'monoton', 'empty', 'random']",36368.0
0,"['weighted', 'empty', 'greedy', 'monoton', 'uniform', 'random']",12184.0
1,"['weighted', 'empty', 'greedy', 'monoton', 'uniform', 'random']",35800.0
2,"['weighted', 'empty', 'greedy', 'monoton', 'uniform', 'random']",14612.0
3,"['weighted', 'empty', 'greedy', 'monoton', 'uniform', 'random']",20380.0
4,"['weighted', 'empty', 'greedy', 'monoton', 'uniform', 'random']",32288.0
5,"['weighted', 'empty', 'greedy', 'monoton', 'uniform', 'random']",18052.0
6,"['weighted', 'empty', 'greedy', 'monoton', 'uniform', 'random']",14208.0
7,"['weighted', 'empty', 'greedy', 'monoton', 'uniform', 'random']",24160.0
8,"['weighted', 'empty', 'greedy', 'monoton', 'uniform', 'random']",28332.0
9,"['weighted', 'empty', 'greedy', 'monoton', 'uniform', 'random']",18512.0
10,"['weighted', 'empty', 'greedy', 'monoton', 'uniform', 'random']",14020.0
11,"['weighted', 'empty', 'greedy', 'monoton', 'uniform', 'random']",9244.0
12,"['weighted', 'empty', 'greedy', 'monoton', 'uniform', 'random']",60904.0
13,"['weighted', 'empty', 'greedy', 'monoton', 'uniform', 'random']",31716.0
14,"['weighted', 'empty', 'greedy', 'monoton', 'uniform', 'random']",16832.0
15,"['weighted', 'empty', 'greedy', 'monoton', 'uniform', 'random']",16472.0
16,"['weighted', 'empty', 'greedy', 'monoton', 'uniform', 'random']",32988.0
17,"['weighted', 'empty', 'greedy', 'monoton', 'uniform', 'random']",8968.0
18,"['weighted', 'empty', 'greedy', 'monoton', 'uniform', 'random']",16256.0
19,"['weighted', 'empty', 'greedy', 'monoton', 'uniform', 'random']",14264.0
20,"['weighted', 'empty', 'greedy', 'monoton', 'uniform', 'random']",9784.0
21,"['weighted', 'empty', 'greedy', 'monoton', 'uniform', 'random']",7788.0
22,"['weighted', 'empty', 'greedy', 'monoton', 'uniform', 'random']",56472.0
23,"['weighted', 'empty', 'greedy', 'monoton', 'uniform', 'random']",16120.0
24,"['weighted', 'empty', 'greedy', 'monoton', 'uniform', 'random']",36952.0
25,"['weighted', 'empty', 'greedy', 'monoton', 'uniform', 'random']",34740.0
26,"['weighted', 'empty', 'greedy', 'monoton', 'uniform', 'random']",14696.0
27,"['weighted', 'empty', 'greedy', 'monoton', 'uniform', 'random']",28208.0
28,"['weighted', 'empty', 'greedy', 'monoton', 'uniform', 'random']",29528.0
29,"['weighted', 'empty', 'greedy', 'monoton', 'uniform', 'random']",20392.0
30,"['weighted', 'empty', 'greedy', 'monoton', 'uniform', 'random']",32632.0
31,"['weighted', 'empty', 'greedy', 'monoton', 'uniform', 'random']",8088.0
32,"['weighted', 'empty', 'greedy', 'monoton', 'uniform', 'random']",12492.0
33,"['weighted', 'empty', 'greedy', 'monoton', 'uniform', 'random']",13080.0
34,"['weighted', 'empty', 'greedy', 'monoton', 'uniform', 'random']",17956.0
35,"['weighted', 'empty', 'greedy', 'monoton', 'uniform', 'random']",27156.0
36,"['weighted', 'empty', 'greedy', 'monoton', 'uniform', 'random']",20356.0
37,"['weighted', 'empty', 'greedy', 'monoton', 'uniform', 'random']",32204.0
38,"['weighted', 'empty', 'greedy', 'monoton', 'uniform', 'random']",28260.0
39,"['weighted', 'empty', 'greedy', 'monoton', 'uniform', 'random']",27468.0
40,"['weighted', 'empty', 'greedy', 'monoton', 'uniform', 'random']",7400.0
41,"['weighted', 'empty', 'greedy', 'monoton', 'uniform', 'random']",27512.0
42,"['weighted', 'empty', 'greedy', 'monoton', 'uniform', 'random']",14196.0
43,"['weighted', 'empty', 'greedy', 'monoton', 'uniform', 'random']",20044.0
44,"['weighted', 'empty', 'greedy', 'monoton', 'uniform', 'random']",22032.0
45,"['weighted', 'empty', 'greedy', 'monoton', 'uniform', 'random']",15364.0
46,"['weighted', 'empty', 'greedy', 'monoton', 'uniform', 'random']",32348.0
47,"['weighted', 'empty', 'greedy', 'monoton', 'uniform', 'random']",13940.0
48,"['weighted', 'empty', 'greedy', 'monoton', 'uniform', 'random']",16852.0
49,"['weighted', 'empty', 'greedy', 'monoton', 'uniform', 'random']",10780.0
50,"['weighted', 'empty', 'greedy', 'monoton', 'uniform', 'random']",13568.0
51,"['weighted', 'empty', 'greedy', 'monoton', 'uniform', 'random']",34568.0
52,"['weighted', 'empty', 'greedy', 'monoton', 'uniform', 'random']",19924.0
53,"['weighted', 'empty', 'greedy', 'monoton', 'uniform', 'random']",24140.0
54,"['weighted', 'empty', 'greedy', 'monoton', 'uniform', 'random']",60404.0
55,"['weighted', 'empty', 'greedy', 'monoton', 'uniform', 'random']",16924.0
56,"['weighted', 'empty', 'greedy', 'monoton', 'uniform', 'random']",14808.0
57,"['weighted', 'empty', 'greedy', 'monoton', 'uniform', 'random']",27700.0
58,"['weighted', 'empty', 'greedy', 'monoton', 'uniform', 'random']",36184.0
59,"['weighted', 'empty', 'greedy', 'monoton', 'uniform', 'random']",34264.0
60,"['weighted', 'empty', 'greedy', 'monoton', 'uniform', 'random']",25216.0
61,"['weighted', 'empty', 'greedy', 'monoton', 'uniform', 'random']",13172.0
62,"['weighted', 'empty', 'greedy', 'monoton', 'uniform', 'random']",33996.0
63,"['weighted', 'empty', 'greedy', 'monoton', 'uniform', 'random']",40100.0
64,"['weighted', 'empty', 'greedy', 'monoton', 'uniform', 'random']",35808.0
65,"['weighted', 'empty', 'greedy', 'monoton', 'uniform', 'random']",36460.0
66,"['weighted', 'empty', 'greedy', 'monoton', 'uniform', 'random']",35904.0
67,"['weighted', 'empty', 'greedy', 'monoton', 'uniform', 'random']",30872.0
68,"['weighted', 'empty', 'greedy', 'monoton', 'uniform', 'random']",32312.0
69,"['weighted', 'empty', 'greedy', 'monoton', 'uniform', 'random']",35864.0
70,"['weighted', 'empty', 'greedy', 'monoton', 'uniform', 'random']",25056.0
71,"['weighted', 'empty', 'greedy', 'monoton', 'uniform', 'random']",15216.0
72,"['weighted', 'empty', 'greedy', 'monoton', 'uniform', 'random']",51724.0
73,"['weighted', 'empty', 'greedy', 'monoton', 'uniform', 'random']",16548.0
74,"['weighted', 'empty', 'greedy', 'monoton', 'uniform', 'random']",37920.0
75,"['weighted', 'empty', 'greedy', 'monoton', 'uniform', 'random']",36120.0
76,"['weighted', 'empty', 'greedy', 'monoton', 'uniform', 'random']",13932.0
77,"['weighted', 'empty', 'greedy', 'monoton', 'uniform', 'random']",32288.0
78,"['weighted', 'empty', 'greedy', 'monoton', 'uniform', 'random']",14688.0
79,"['weighted', 'empty', 'greedy', 'monoton', 'uniform', 'random']",17140.0
80,"['weighted', 'empty', 'greedy', 'monoton', 'uniform', 'random']",8056.0
81,"['weighted', 'empty', 'greedy', 'monoton', 'uniform', 'random']",16544.0
82,"['weighted', 'empty', 'greedy', 'monoton', 'uniform', 'random']",36560.0
83,"['weighted', 'empty', 'greedy', 'monoton', 'uniform', 'random']",16408.0
84,"['weighted', 'empty', 'greedy', 'monoton', 'uniform', 'random']",27404.0
85,"['weighted', 'empty', 'greedy', 'monoton', 'uniform', 'random']",3752.0
86,"['weighted', 'empty', 'greedy', 'monoton', 'uniform', 'random']",36048.0
87,"['weighted', 'empty', 'greedy', 'monoton', 'uniform', 'random']",7908.0
88,"['weighted', 'empty', 'greedy', 'monoton', 'uniform', 'random']",12316.0
89,"['weighted', 'empty', 'greedy', 'monoton', 'uniform', 'random']",23488.0
90,"['weighted', 'empty', 'greedy', 'monoton', 'uniform', 'random']",68300.0
91,"['weighted', 'empty', 'greedy', 'monoton', 'uniform', 'random']",25424.0
92,"['weighted', 'empty', 'greedy', 'monoton', 'uniform', 'random']",36472.0
93,"['weighted', 'empty', 'greedy', 'monoton', 'uniform', 'random']",35672.0
94,"['weighted', 'empty', 'greedy', 'monoton', 'uniform', 'random']",27404.0
95,"['weighted', 'empty', 'greedy', 'monoton', 'uniform', 'random']",14176.0
96,"['weighted', 'empty', 'greedy', 'monoton', 'uniform', 'random']",20712.0
97,"['weighted', 'empty', 'greedy', 'monoton', 'uniform', 'random']",7488.0
98,"['weighted', 'empty', 'greedy', 'monoton', 'uniform', 'random']",8020.0
99,"['weighted', 'empty', 'greedy', 'monoton', 'uniform', 'random']",27700.0
100,"['weighted', 'empty', 'greedy', 'monoton', 'uniform', 'random']",9228.0
101,"['weighted', 'empty', 'greedy', 'monoton', 'uniform', 'random']",16172.0
102,"['weighted', 'empty', 'greedy', 'monoton', 'uniform', 'random']",17820.0
103,"['weighted', 'empty', 'greedy', 'monoton', 'uniform', 'random']",36292.0
104,"['weighted', 'empty', 'greedy', 'monoton', 'uniform', 'random']",16356.0
105,"['weighted', 'empty', 'greedy', 'monoton', 'uniform', 'random']",32204.0
106,"['weighted', 'empty', 'greedy', 'monoton', 'uniform', 'random']",16528.0
107,"['weighted', 'empty', 'greedy', 'monoton', 'uniform', 'random']",34708.0
108,"['weighted', 'empty', 'greedy', 'monoton', 'uniform', 'random']",23508.0
109,"['weighted', 'empty', 'greedy', 'monoton', 'uniform', 'random']",4208.0
110,"['weighted', 'empty', 'greedy', 'monoton', 'uniform', 'random']",37452.0
111,"['weighted', 'empty', 'greedy', 'monoton', 'uniform', 'random']",55996.0
112,"['weighted', 'empty', 'greedy', 'monoton', 'uniform', 'random']",19628.0
113,"['weighted', 'empty', 'greedy', 'monoton', 'uniform', 'random']",26304.0
114,"['weighted', 'empty', 'greedy', 'monoton', 'uniform', 'random']",8852.0
115,"['weighted', 'empty', 'greedy', 'monoton', 'uniform', 'random']",14724.0
116,"['weighted', 'empty', 'greedy', 'monoton', 'uniform', 'random']",27560.0
117,"['weighted', 'empty', 'greedy', 'monoton', 'uniform', 'random']",27616.0
118,"['weighted', 'empty', 'greedy', 'monoton', 'uniform', 'random']",37368.0
119,"['weighted', 'empty', 'greedy', 'monoton', 'uniform', 'random']",33676.0
120,"['weighted', 'empty', 'greedy', 'monoton', 'uniform', 'random']",34484.0
121,"['weighted', 'empty', 'greedy', 'monoton', 'uniform', 'random']",35876.0
122,"['weighted', 'empty', 'greedy', 'monoton', 'uniform', 'random']",63284.0
123,"['weighted', 'empty', 'greedy', 'monoton', 'uniform', 'random']",14512.0
124,"['weighted', 'empty', 'greedy', 'monoton', 'uniform', 'random']",35852.0
125,"['weighted', 'empty', 'greedy', 'monoton', 'uniform', 'random']",60320.0
126,"['weighted', 'empty', 'greedy', 'monoton', 'uniform', 'random']",30524.0
127,"['weighted', 'empty', 'greedy', 'monoton', 'uniform', 'random']",20272.0
128,"['weighted', 'empty', 'greedy', 'monoton', 'uniform', 'random']",11172.0
129,"['weighted', 'empty', 'greedy', 'monoton', 'uniform', 'random']",36548.0
130,"['weighted', 'empty', 'greedy', 'monoton', 'uniform', 'random']",51444.0
131,"['weighted', 'empty', 'greedy', 'monoton', 'uniform', 'random']",59996.0
132,"['weighted', 'empty', 'greedy', 'monoton', 'uniform', 'random']",10876.0
133,"['weighted', 'empty', 'greedy', 'monoton', 'uniform', 'random']",18364.0
134,"['weighted', 'empty', 'greedy', 'monoton', 'uniform', 'random']",16456.0
135,"['weighted', 'empty', 'greedy', 'monoton', 'uniform', 'random']",9080.0
136,"['weighted', 'empty', 'greedy', 'monoton', 'uniform', 'random']",15544.0
137,"['weighted', 'empty', 'greedy', 'monoton', 'uniform', 'random']",31932.0
138,"['weighted', 'empty', 'greedy', 'monoton', 'uniform', 'random']",13888.0
139,"['weighted', 'empty', 'greedy', 'monoton', 'uniform', 'random']",12452.0
140,"['weighted', 'empty', 'greedy', 'monoton', 'uniform', 'random']",36328.0
141,"['weighted', 'empty', 'greedy', 'monoton', 'uniform', 'random']",9092.0
142,"['weighted', 'empty', 'greedy', 'monoton', 'uniform', 'random']",4148.0
143,"['weighted', 'empty', 'greedy', 'monoton', 'uniform', 'random']",18104.0
144,"['weighted', 'empty', 'greedy', 'monoton', 'uniform', 'random']",23408.0
145,"['weighted', 'empty', 'greedy', 'monoton', 'uniform', 'random']",16432.0
146,"['weighted', 'empty', 'greedy', 'monoton', 'uniform', 'random']",7364.0
147,"['weighted', 'empty', 'greedy', 'monoton', 'uniform', 'random']",30524.0
148,"['weighted', 'empty', 'greedy', 'monoton', 'uniform', 'random']",13052.0
149,"['weighted', 'empty', 'greedy', 'monoton', 'uniform', 'random']",61432.0
150,"['weighted', 'empty', 'greedy', 'monoton', 'uniform', 'random']",17148.0
151,"['weighted', 'empty', 'greedy', 'monoton', 'uniform', 'random']",7760.0
152,"['weighted', 'empty', 'greedy', 'monoton', 'uniform', 'random']",18136.0
153,"['weighted', 'empty', 'greedy', 'monoton', 'uniform', 'random']",16492.0
154,"['weighted', 'empty', 'greedy', 'monoton', 'uniform', 'random']",36332.0
155,"['weighted', 'empty', 'greedy', 'monoton', 'uniform', 'random']",19476.0
156,"['weighted', 'empty', 'greedy', 'monoton', 'uniform', 'random']",16288.0
157,"['weighted', 'empty', 'greedy', 'monoton', 'uniform', 'random']",32372.0
158,"['weighted', 'empty', 'greedy', 'monoton', 'uniform', 'random']",9112.0
159,"['weighted', 'empty', 'greedy', 'monoton', 'uniform', 'random']",24676.0
160,"['weighted', 'empty', 'greedy', 'monoton', 'uniform', 'random']",21736.0
161,"['weighted', 'empty', 'greedy', 'monoton', 'uniform', 'random']",15016.0
162,"['weighted', 'empty', 'greedy', 'monoton', 'uniform', 'random']",25088.0
163,"['weighted', 'empty', 'greedy', 'monoton', 'uniform', 'random']",34572.0
164,"['weighted', 'empty', 'greedy', 'monoton', 'uniform', 'random']",16048.0
165,"['weighted', 'empty', 'greedy', 'monoton', 'uniform', 'random']",28328.0
166,"['weighted', 'empty', 'greedy', 'monoton', 'uniform', 'random']",34576.0
167,"['weighted', 'empty', 'greedy', 'monoton', 'uniform', 'random']",32476.0
168,"['weighted', 'empty', 'greedy', 'monoton', 'uniform', 'random']",14220.0
169,"['weighted', 'empty', 'greedy', 'monoton', 'uniform', 'random']",5872.0
170,"['weighted', 'empty', 'greedy', 'monoton', 'uniform', 'random']",29148.0
171,"['weighted', 'empty', 'greedy', 'monoton', 'uniform', 'random']",31444.0
172,"['weighted', 'empty', 'greedy', 'monoton', 'uniform', 'random']",18164.0
173,"['weighted', 'empty', 'greedy', 'monoton', 'uniform', 'random']",28204.0
174,"['weighted', 'empty', 'greedy', 'monoton', 'uniform', 'random']",8880.0
175,"['weighted', 'empty', 'greedy', 'monoton', 'uniform', 'random']",31648.0
176,"['weighted', 'empty', 'greedy', 'monoton', 'uniform', 'random']",9644.0
177,"['weighted', 'empty', 'greedy', 'monoton', 'uniform', 'random']",15292.0
178,"['weighted', 'empty', 'greedy', 'monoton', 'uniform', 'random']",7780.0
179,"['weighted', 'empty', 'greedy', 'monoton', 'uniform', 'random']",58848.0
180,"['weighted', 'empty', 'greedy', 'monoton', 'uniform', 'random']",16412.0
181,"['weighted', 'empty', 'greedy', 'monoton', 'uniform', 'random']",14100.0
182,"['weighted', 'empty', 'greedy', 'monoton', 'uniform', 'random']",32108.0
183,"['weighted', 'empty', 'greedy', 'monoton', 'uniform', 'random']",28572.0
184,"['weighted', 'empty', 'greedy', 'monoton', 'uniform', 'random']",35844.0
185,"['weighted', 'empty', 'greedy', 'monoton', 'uniform', 'random']",14012.0
186,"['weighted', 'empty', 'greedy', 'monoton', 'uniform', 'random']",32328.0
187,"['weighted', 'empty', 'greedy', 'monoton', 'uniform', 'random']",16332.0
188,"['weighted', 'empty', 'greedy', 'monoton', 'uniform', 'random']",16264.0
189,"['weighted', 'empty', 'greedy', 'monoton', 'uniform', 'random']",57304.0
190,"['weighted', 'empty', 'greedy', 'monoton', 'uniform', 'random']",27212.0
191,"['weighted', 'empty', 'greedy', 'monoton', 'uniform', 'random']",36312.0
192,"['weighted', 'empty', 'greedy', 'monoton', 'uniform', 'random']",27576.0
193,"['weighted', 'empty', 'greedy', 'monoton', 'uniform', 'random']",27256.0
194,"['weighted', 'empty', 'greedy', 'monoton', 'uniform', 'random']",16784.0
195,"['weighted', 'empty', 'greedy', 'monoton', 'uniform', 'random']",27464.0
196,"['weighted', 'empty', 'greedy', 'monoton', 'uniform', 'random']",20088.0
197,"['weighted', 'empty', 'greedy', 'monoton', 'uniform', 'random']",32316.0
198,"['weighted', 'empty', 'greedy', 'monoton', 'uniform', 'random']",29624.0
199,"['weighted', 'empty', 'greedy', 'monoton', 'uniform', 'random']",12204.0
200,"['weighted', 'empty', 'greedy', 'monoton', 'uniform', 'random']",52208.0
201,"['weighted', 'empty', 'greedy', 'monoton', 'uniform', 'random']",12140.0
202,"['weighted', 'empty', 'greedy', 'monoton', 'uniform', 'random']",32196.0
203,"['weighted', 'empty', 'greedy', 'monoton', 'uniform', 'random']",16096.0
204,"['weighted', 'empty', 'greedy', 'monoton', 'uniform', 'random']",16100.0
205,"['weighted', 'empty', 'greedy', 'monoton', 'uniform', 'random']",12416.0
206,"['weighted', 'empty', 'greedy', 'monoton', 'uniform', 'random']",60640.0
207,"['weighted', 'empty', 'greedy', 'monoton', 'uniform', 'random']",30568.0
208,"['weighted', 'empty', 'greedy', 'monoton', 'uniform', 'random']",18396.0
209,"['weighted', 'empty', 'greedy', 'monoton', 'uniform', 'random']",56840.0
210,"['weighted', 'empty', 'greedy', 'monoton', 'uniform', 'random']",28140.0
211,"['weighted', 'empty', 'greedy', 'monoton', 'uniform', 'random']",25748.0
212,"['weighted', 'empty', 'greedy', 'monoton', 'uniform', 'random']",15364.0
213,"['weighted', 'empty', 'greedy', 'monoton', 'uniform', 'random']",28868.0
214,"['weighted', 'empty', 'greedy', 'monoton', 'uniform', 'random']",36296.0
215,"['weighted', 'empty', 'greedy', 'monoton', 'uniform', 'random']",7728.0
216,"['weighted', 'empty', 'greedy', 'monoton', 'uniform', 'random']",29096.0
217,"['weighted', 'empty', 'greedy', 'monoton', 'uniform', 'random']",39624.0
218,"['weighted', 'empty', 'greedy', 'monoton', 'uniform', 'random']",16092.0
219,"['weighted', 'empty', 'greedy', 'monoton', 'uniform', 'random']",27284.0
220,"['weighted', 'empty', 'greedy', 'monoton', 'uniform', 'random']",11432.0
221,"['weighted', 'empty', 'greedy', 'monoton', 'uniform', 'random']",27892.0
222,"['weighted', 'empty', 'greedy', 'monoton', 'uniform', 'random']",36444.0
223,"['weighted', 'empty', 'greedy', 'monoton', 'uniform', 'random']",39448.0
224,"['weighted', 'empty', 'greedy', 'monoton', 'uniform', 'random']",15956.0
225,"['weighted', 'empty', 'greedy', 'monoton', 'uniform', 'random']",27548.0
226,"['weighted', 'empty', 'greedy', 'monoton', 'uniform', 'random']",12924.0
227,"['weighted', 'empty', 'greedy', 'monoton', 'uniform', 'random']",3560.0
228,"['weighted', 'empty', 'greedy', 'monoton', 'uniform', 'random']",20596.0
229,"['weighted', 'empty', 'greedy', 'monoton', 'uniform', 'random']",17992.0
230,"['weighted', 'empty', 'greedy', 'monoton', 'uniform', 'random']",32216.0
231,"['weighted', 'empty', 'greedy', 'monoton', 'uniform', 'random']",20092.0
232,"['weighted', 'empty', 'greedy', 'monoton', 'uniform', 'random']",16924.0
233,"['weighted', 'empty', 'greedy', 'monoton', 'uniform', 'random']",13740.0
234,"['weighted', 'empty', 'greedy', 'monoton', 'uniform', 'random']",27504.0
235,"['weighted', 'empty', 'greedy', 'monoton', 'uniform', 'random']",60748.0
236,"['weighted', 'empty', 'greedy', 'monoton', 'uniform', 'random']",38460.0
237,"['weighted', 'empty', 'greedy', 'monoton', 'uniform', 'random']",32228.0
238,"['weighted', 'empty', 'greedy', 'monoton', 'uniform', 'random']",16692.0
239,"['weighted', 'empty', 'greedy', 'monoton', 'uniform', 'random']",31116.0
240,"['weighted', 'empty', 'greedy', 'monoton', 'uniform', 'random']",8808.0
241,"['weighted', 'empty', 'greedy', 'monoton', 'uniform', 'random']",34380.0
242,"['weighted', 'empty', 'greedy', 'monoton', 'uniform', 'random']",16232.0
243,"['weighted', 'empty', 'greedy', 'monoton', 'uniform', 'random']",14028.0
244,"['weighted', 'empty', 'greedy', 'monoton', 'uniform', 'random']",78532.0
245,"['weighted', 'empty', 'greedy', 'monoton', 'uniform', 'random']",11624.0
246,"['weighted', 'empty', 'greedy', 'monoton', 'uniform', 'random']",18768.0
247,"['weighted', 'empty', 'greedy', 'monoton', 'uniform', 'random']",17796.0
248,"['weighted', 'empty', 'greedy', 'monoton', 'uniform', 'random']",17204.0
249,"['weighted', 'empty', 'greedy', 'monoton', 'uniform', 'random']",9016.0
250,"['weighted', 'empty', 'greedy', 'monoton', 'uniform', 'random']",14448.0
251,"['weighted', 'empty', 'greedy', 'monoton', 'uniform', 'random']",15440.0
252,"['weighted', 'empty', 'greedy', 'monoton', 'uniform', 'random']",23440.0
253,"['weighted', 'empty', 'greedy', 'monoton', 'uniform', 'random']",32080.0
254,"['weighted', 'empty', 'greedy', 'monoton', 'uniform', 'random']",18904.0
255,"['weighted', 'empty', 'greedy', 'monoton', 'uniform', 'random']",51476.0
256,"['weighted', 'empty', 'greedy', 'monoton', 'uniform', 'random']",3476.0
257,"['weighted', 'empty', 'greedy', 'monoton', 'uniform', 'random']",36548.0
258,"['weighted', 'empty', 'greedy', 'monoton', 'uniform', 'random']",29060.0
259,"['weighted', 'empty', 'greedy', 'monoton', 'uniform', 'random']",20412.0
260,"['weighted', 'empty', 'greedy', 'monoton', 'uniform', 'random']",7244.0
261,"['weighted', 'empty', 'greedy', 'monoton', 'uniform', 'random']",18308.0
262,"['weighted', 'empty', 'greedy', 'monoton', 'uniform', 'random']",17820.0
263,"['weighted', 'empty', 'greedy', 'monoton', 'uniform', 'random']",6396.0
264,"['weighted', 'empty', 'greedy', 'monoton', 'uniform', 'random']",29668.0
265,"['weighted', 'empty', 'greedy', 'monoton', 'uniform', 'random']",34352.0
266,"['weighted', 'empty', 'greedy', 'monoton', 'uniform', 'random']",17596.0
267,"['weighted', 'empty', 'greedy', 'monoton', 'uniform', 'random']",14156.0
268,"['weighted', 'empty', 'greedy', 'monoton', 'uniform', 'random']",35040.0
269,"['weighted', 'empty', 'greedy', 'monoton', 'uniform', 'random']",13052.0
270,"['weighted', 'empty', 'greedy', 'monoton', 'uniform', 'random']",16556.0
271,"['weighted', 'empty', 'greedy', 'monoton', 'uniform', 'random']",35412.0
272,"['weighted', 'empty', 'greedy', 'monoton', 'uniform', 'random']",14580.0
273,"['weighted', 'empty', 'greedy', 'monoton', 'uniform', 'random']",23632.0
274,"['weighted', 'empty', 'greedy', 'monoton', 'uniform', 'random']",36404.0
275,"['weighted', 'empty', 'greedy', 'monoton', 'uniform', 'random']",25316.0
276,"['weighted', 'empty', 'greedy', 'monoton', 'uniform', 'random']",15268.0
277,"['weighted', 'empty', 'greedy', 'monoton', 'uniform', 'random']",35528.0
278,"['weighted', 'empty', 'greedy', 'monoton', 'uniform', 'random']",14848.0
279,"['weighted', 'empty', 'greedy', 'monoton', 'uniform', 'random']",36352.0
280,"['weighted', 'empty', 'greedy', 'monoton', 'uniform', 'random']",16840.0
281,"['weighted', 'empty', 'greedy', 'monoton', 'uniform', 'random']",36216.0
282,"['weighted', 'empty', 'greedy', 'monoton', 'uniform', 'random']",36344.0
283,"['weighted', 'empty', 'greedy', 'monoton', 'uniform', 'random']",17896.0
284,"['weighted', 'empty', 'greedy', 'monoton', 'uniform', 'random']",36036.0
285,"['weighted', 'empty', 'greedy', 'monoton', 'uniform', 'random']",36264.0
286,"['weighted', 'empty', 'greedy', 'monoton', 'uniform', 'random']",15992.0
287,"['weighted', 'empty', 'greedy', 'monoton', 'uniform', 'random']",51068.0
288,"['weighted', 'empty', 'greedy', 'monoton', 'uniform', 'random']",15628.0
289,"['weighted', 'empty', 'greedy', 'monoton', 'uniform', 'random']",7988.0
290,"['weighted', 'empty', 'greedy', 'monoton', 'uniform', 'random']",14260.0
291,"['weighted', 'empty', 'greedy', 'monoton', 'uniform', 'random']",38176.0
292,"['weighted', 'empty', 'greedy', 'monoton', 'uniform', 'random']",12248.0
293,"['weighted', 'empty', 'greedy', 'monoton', 'uniform', 'random']",20136.0
294,"['weighted', 'empty', 'greedy', 'monoton', 'uniform', 'random']",3976.0
295,"['weighted', 'empty', 'greedy', 'monoton', 'uniform', 'random']",24960.0
296,"['weighted', 'empty', 'greedy', 'monoton', 'uniform', 'random']",9476.0
297,"['weighted', 'empty', 'greedy', 'monoton', 'uniform', 'random']",21524.0
298,"['weighted', 'empty', 'greedy', 'monoton', 'uniform', 'random']",14060.0
299,"['weighted', 'empty', 'greedy', 'monoton', 'uniform', 'random']",32540.0
